Gene Name,baseMean,log2FoldChange,lfcSE,stat,pvalue,padj,
Lneg_g09000,73.38239583,-7.912018938,1.131321952,26.32538152,2.88473E-07,9.23287E-06,uncharacterized protein LOC105288217 [Ooceraea biroi]
Lneg_g03337,32.56214967,-7.424854085,0.968593735,20.01251451,7.6937E-06,0.000134058,protein hunchback [Apis mellifera]
Lneg_g00166,43.76727621,-7.144002586,0.94094613,20.36504737,6.39879E-06,0.000115709,ester hydrolase C11orf54 homolog [Temnothorax curvispinosus]
Lneg_g06990,75.95668183,-7.133953226,0.884133204,22.25807661,2.38354E-06,5.05025E-05,uncharacterized protein LOC112455182 [Temnothorax curvispinosus]
Lneg_g05131,34.70283062,-6.806747096,1.234806619,12.62390479,0.000380845,0.003047335,glutamyl aminopeptidase-like [Temnothorax curvispinosus]
Lneg_g04101,18.54766891,-6.578104751,0.993764949,18.16318141,2.02761E-05,0.000295468,antithrombin-iii-like protein [Lasius niger]
Lneg_g07738,38.55478665,-6.549574491,0.878651016,21.38843434,3.75027E-06,7.31682E-05,PREDICTED: protein hunchback-like [Acromyrmex echinatior]
Lneg_g02757,60.21463343,-6.54480944,0.824539892,22.33931752,2.2848E-06,4.88008E-05,antithrombin-iii-like isoform 1 protein [Lasius niger]
Lneg_g11344,23.77232029,-6.534289248,0.956590883,23.96590368,9.80569E-07,2.43853E-05,uncharacterized protein LOC105284102 [Ooceraea biroi]
Lneg_g00304,18.57647884,-6.283654507,1.011725937,14.52134275,0.000138581,0.001361895,uncharacterized protein LOC105284102 [Ooceraea biroi]
Lneg_g16811,23.61986523,-6.272958737,0.978967359,19.81570396,8.52791E-06,0.000144783,homeobox protein six4 [Lasius niger]
Lneg_g00670,29.27528797,-6.247167445,0.950564995,17.58716047,2.74435E-05,0.000376114,PREDICTED: aminopeptidase M1-like [Acromyrmex echinatior]
Lneg_g12052,81837.44702,-6.190910693,0.660098142,35.35618823,2.74595E-09,2.06316E-07,hexamerin [Solenopsis invicta]
Lneg_g12705,50932.85415,-6.085083427,0.760104537,22.85802594,1.74419E-06,3.88193E-05,arylphorin subunit alpha-like [Temnothorax curvispinosus]
Lneg_g15702,25415.73227,-6.004598657,0.710095027,30.36515562,3.579E-08,1.71565E-06,vitellogenin-2-like [Temnothorax curvispinosus]
Lneg_Vitellogening002,7365.595261,-5.99815952,0.640245227,37.92128432,7.36573E-10,6.96719E-08,vitellogenin-2-like [Temnothorax curvispinosus]
Lneg_g09657,12.46034644,-5.945172614,1.071656043,16.25282007,5.5427E-05,0.000659028,
Lneg_g10764,1499.57752,-5.875695105,0.82466077,18.25582517,1.93134E-05,0.000284571,
Lneg_g00684,11.42562225,-5.744784129,1.069164201,12.41778761,0.000425264,0.003322451,
Lneg_g10778,51.19247212,-5.673407372,0.768033185,20.59405892,5.6772E-06,0.000103876,
Lneg_Orcokining003,53.1614353,-5.552716494,0.717963463,24.02288902,9.51973E-07,2.39553E-05,
Lneg_g02813,9.930247725,-5.546830005,1.072602235,11.22227227,0.000808215,0.005567961,
Lneg_g17027,327.9216834,-5.53544491,0.77204329,17.39536262,3.03566E-05,0.000405545,
Lneg_g09152,79.76837124,-5.507377296,0.710562201,22.9483705,1.66411E-06,3.72719E-05,
Lneg_g14184,10.70339822,-5.482573662,1.056447801,12.72089386,0.000361593,0.002933136,
Lneg_g14554,15.65763437,-5.430561675,1.195164985,10.47146818,0.001212323,0.00767684,
Lneg_g14418,11.66022662,-5.427372428,1.081682688,10.98209646,0.000919963,0.006152833,
Lneg_g15572,9.550107176,-5.396435452,1.04207053,13.00321175,0.000310957,0.002620748,
Lneg_g09700,160.1754845,-5.392793243,0.748977118,18.84559475,1.41738E-05,0.000223116,
Lneg_g13780,25.86080865,-5.200832498,0.848109839,14.75431836,0.000122467,0.001245777,
Lneg_g12328,16.93058201,-5.194822556,1.010608716,14.56181674,0.000135635,0.001339162,
Lneg_g00957,7589.404125,-5.091176711,0.706733382,23.18876662,1.46853E-06,3.39685E-05,
Lneg_g04366,19.97073324,-5.07045319,0.910212164,11.83198293,0.00058222,0.004265584,
Lneg_g02510,15.44932496,-4.980530458,0.956272221,10.30909577,0.001323761,0.008293274,
Lneg_g15382,255.8510646,-4.925860531,0.69407391,19.7689161,8.73924E-06,0.000147897,
Lneg_g13845,5.513002068,-4.874244049,1.00197252,14.15285277,0.000168541,0.00159397,
Lneg_g02354,1343.99818,-4.8097422,0.612226206,25.9123712,3.57272E-07,1.08763E-05,
Lneg_g03747,38.28896497,-4.780809787,0.841562095,13.09276596,0.000296438,0.002530384,
Lneg_g01265,26.59410274,-4.777972451,0.72507814,21.31248498,3.90182E-06,7.54304E-05,
Lneg_g03230,69.13740388,-4.767287576,0.602430452,26.00093705,3.41252E-07,1.04486E-05,
Lneg_g05129,7.730819321,-4.751978835,0.957279402,16.96948734,3.79854E-05,0.000487188,
Lneg_g13289,6.183313252,-4.6699681,1.169386914,8.517472339,0.003517527,0.017804435,
Lneg_g00189,1561.476826,-4.667981411,0.604859558,23.58408048,1.19573E-06,2.89213E-05,
Lneg_g00142,5.46691866,-4.60825359,1.28932026,6.265991336,0.012307729,0.047945613,
Lneg_g04532,125.6589941,-4.492883255,0.741832,15.3384535,8.98685E-05,0.000961684,
Lneg_g00176,4.669261609,-4.414908609,1.214772635,7.399566816,0.006523959,0.02907649,
Lneg_g12703,108352.4464,-4.370621026,0.491186066,41.93115223,9.45443E-11,1.20675E-08,
Lneg_g01411,6.439311862,-4.194269686,0.981265178,8.709468357,0.003165615,0.016383257,
Lneg_g07272,526.6593544,-4.166036307,0.44799763,47.46035267,5.61277E-12,9.5906E-10,
Lneg_g07581,279.2451654,-4.134327053,0.57952275,27.83704628,1.31975E-07,5.04744E-06,
Lneg_g01923,43.46921091,-4.064478937,0.692208336,14.58816696,0.000133752,0.001331735,
Lneg_g14680,57.3868806,-3.966878772,0.704026741,15.40122896,8.69317E-05,0.000936882,
Lneg_g11490,49.53637583,-3.925681011,0.548211673,29.02835346,7.13267E-08,2.99855E-06,
Lneg_g04263,32.21280049,-3.90002037,0.899437152,10.48693532,0.001202216,0.00762195,
Lneg_g15127,5.884979526,-3.896041713,0.928180317,8.785653337,0.003036088,0.015813332,
Lneg_g12969,9.402454744,-3.793209315,0.765537363,12.36422397,0.000437639,0.003401579,
Lneg_g04093,33.7792114,-3.789459238,0.616741611,18.36140415,1.82722E-05,0.000272642,
Lneg_g08113,4.923961824,-3.712367004,0.87661359,10.12523813,0.001462528,0.008992465,
Lneg_g05933,7.123734092,-3.655639964,0.752188787,16.22621172,5.6211E-05,0.000666106,
Lneg_g16868,10.12961245,-3.64999529,0.925154566,11.10016244,0.000863202,0.005862024,
Lneg_g06295,141.9486824,-3.579897344,0.613805542,16.0382845,6.20745E-05,0.000717923,
Lneg_g06004,304.0789763,-3.514106004,0.79281485,11.05997739,0.000882112,0.005956084,
Lneg_g02144,78.97418479,-3.487059095,0.654027181,13.47407139,0.000241883,0.002153367,
Lneg_g05130,10.22102815,-3.451792517,0.737261584,12.62668182,0.00038028,0.00304607,
Lneg_g14499,9.211080155,-3.401646182,0.754867325,11.90635587,0.000559427,0.004147357,
Lneg_g02533,55.20295176,-3.349222488,0.70687589,10.33267193,0.001306959,0.008207422,
Lneg_g13477,6.808427042,-3.279757575,0.789084799,11.22903748,0.000805274,0.005554084,
Lneg_g04328,100.2148935,-3.258514726,0.642338735,16.20333716,5.68938E-05,0.000671943,
Lneg_g03333,807.5828204,-3.222287719,0.374424619,52.12555047,5.20631E-13,1.28269E-10,
Lneg_g10117,263.6636486,-3.134353727,0.540469152,22.22212442,2.42859E-06,5.10486E-05,
Lneg_g01871,36.92977111,-3.118842396,0.674374204,13.23202738,0.000275206,0.002378085,
Lneg_g04985,97.83973724,-3.111731633,0.576118626,13.76716233,0.000206922,0.001888597,
Lneg_g04559,51.08045637,-3.073245127,0.618362085,13.07622711,0.000299067,0.002544834,
Lneg_FASg069,28.00569364,-3.068340244,0.520555513,26.97483639,2.06121E-07,7.15951E-06,
Lneg_g11016,2046.357224,-3.057789296,0.422887376,40.54493138,1.92146E-10,2.18882E-08,
Lneg_g16007,19.85434839,-3.057517332,0.557034095,20.36926719,6.3847E-06,0.000115709,
Lneg_g13522,25.05460604,-3.054495968,0.702385841,11.00098095,0.000910637,0.006102015,
Lneg_g08513,10.53882398,-2.895265295,0.688177147,8.973239954,0.002739624,0.014570066,
Lneg_g09860,47.56131745,-2.857726243,0.681564416,9.073570006,0.002593303,0.014002778,
Lneg_g11983,81.78595404,-2.808381276,0.609482515,15.15062888,9.92652E-05,0.00103998,
Lneg_g07580,151.3769299,-2.762540194,0.579164501,11.23338265,0.000803391,0.005544705,
Lneg_g14598,33.85892014,-2.760637173,0.558532842,16.68338422,4.41661E-05,0.000546608,
Lneg_g10871,270.3016548,-2.722473715,0.439880077,25.48515993,4.45799E-07,1.31189E-05,
Lneg_g10562,34.08641998,-2.674230579,0.459680892,22.02495276,2.69129E-06,5.56865E-05,
Lneg_g14399,6.028006184,-2.648822876,0.85532957,6.416341827,0.011307485,0.044899362,
Lneg_g08282,83.45818757,-2.647522004,0.457108004,25.89015321,3.61408E-07,1.09393E-05,
Lneg_g14633,946.075051,-2.644818258,0.387627269,31.77934719,1.7272E-08,9.14896E-07,
Lneg_g02994,87.39828762,-2.608598013,0.624538352,12.20467396,0.000476699,0.003633203,
LnegIR105,7.507740279,-2.58788986,0.778687773,6.626834211,0.010045364,0.040805441,
Lneg_g14410,742.4525464,-2.582411942,0.757649049,8.877601767,0.002886905,0.015140532,
Lneg_g02946,35.80993213,-2.472146195,0.43497251,25.28495226,4.94552E-07,1.42922E-05,
Lneg_g03472,33.12264381,-2.46727169,0.657652617,8.372650565,0.003809097,0.019038903,
Lneg_g15600,327.025701,-2.439058104,0.365531907,33.78491234,6.15544E-09,3.83593E-07,
Lneg_g15851,5191.008139,-2.369062992,0.348228513,37.06333954,1.14354E-09,1.02666E-07,
Lneg_g08837,19563.96351,-2.364945209,0.323631343,42.92593845,5.68519E-11,7.52861E-09,
Lneg_g06535,11457.15297,-2.35680369,0.337672853,37.43004382,9.47512E-10,8.6534E-08,
Lneg_g09586,69.28828096,-2.348094342,0.651035,8.937860561,0.002793197,0.01478817,
Lneg_g00719,23.44286068,-2.340568981,0.812759566,6.31139699,0.011996428,0.047103537,
Lneg_g03425,16.26505896,-2.324447284,0.469522177,20.94478368,4.72713E-06,8.89507E-05,
Lneg_g05955,27.29772515,-2.323906103,0.613267187,10.90459258,0.000959261,0.006347542,
Lneg_g10502,140.9746004,-2.318398832,0.414938557,25.96086377,3.48409E-07,1.0637E-05,
LnegKA.5,476.2039257,-2.31283864,0.39695593,26.05799946,3.31313E-07,1.0263E-05,
Lneg_g02497,4864.286663,-2.305540569,0.415179338,23.01875267,1.60429E-06,3.61685E-05,
Lneg_g02392,40.84681098,-2.298852717,0.436588761,22.31569933,2.31308E-06,4.92063E-05,
Lneg_g10307,133.246791,-2.295858856,0.365882545,27.76727475,1.36821E-07,5.1583E-06,
Lneg_g13505,97.02043974,-2.29561211,0.495800922,14.10029932,0.000173316,0.001626317,
Lneg_g03657,77.03449896,-2.260505413,0.457991519,16.127565,5.92159E-05,0.000694721,
Lneg_g02606,47.88949495,-2.258208479,0.410173066,23.61615977,1.17596E-06,2.86393E-05,
Lneg_g06467,11.28724086,-2.225799783,0.585294544,11.68188115,0.000631117,0.004560745,
LnegIR75,50.7013888,-2.207573292,0.463896577,14.28912811,0.000156768,0.001501625,
Lneg_g05854,7265.80212,-2.207094048,0.36242144,27.11699094,1.91507E-07,6.74989E-06,
Lneg_g01141,438.4528329,-2.196717592,0.360636864,31.04455356,2.52173E-08,1.26612E-06,
Lneg_g12019,294.2802466,-2.193785971,0.415096569,22.55336988,2.04386E-06,4.44612E-05,
Lneg_g15237,842.0162447,-2.164867607,0.323856188,36.28241628,1.70697E-09,1.4082E-07,
Lneg_g15108,584.2782614,-2.136850231,0.470043776,14.43866469,0.000144799,0.001412521,
Lneg_g09428,7.743777913,-2.128764488,0.52664411,14.83899483,0.000117089,0.00120198,
Lneg_g04336,1717.055198,-2.111368765,0.32472299,34.04367599,5.38888E-09,3.48108E-07,
Lneg_g09580,159.423188,-2.107897972,0.455544333,14.58477064,0.000133993,0.001332285,
Lneg_g04654,13.57105119,-2.102274113,0.497309333,14.56209959,0.000135615,0.001339162,
Lneg_g15222,17.75538986,-2.08652133,0.520969442,13.81044232,0.000202209,0.001853935,
Lneg_g02999,190.4557452,-2.083638335,0.404058281,22.42509864,2.185E-06,4.71444E-05,
Lneg_g16921,1323.823864,-2.080168746,0.32242934,36.29628736,1.69486E-09,1.4082E-07,
Lneg_g08579,14.54681754,-2.063632189,0.541552987,12.42966707,0.000422567,0.003308704,
Lneg_g07733,14.23940859,-2.059345364,0.553005027,11.36642041,0.000747839,0.005260692,
LnegIR103,24.55064013,-2.02971045,0.517348536,10.74551189,0.001045325,0.006798143,
Lneg_g03334,335.1375496,-2.026721565,0.300622777,39.20750949,3.81072E-10,3.91949E-08,
Lneg_g10868,115.1910094,-2.022793355,0.531567033,9.568373769,0.001979581,0.011342173,
Lneg_g02447,1037.288601,-1.977822254,0.402439893,19.94643114,7.96425E-06,0.000137192,
Lneg_g00758,2725.958586,-1.968511447,0.246071363,54.71752497,1.3916E-13,4.46745E-11,
Lneg_g03484,18.47942997,-1.963736183,0.571009618,7.8151747,0.005180934,0.024254005,
Lneg_g11138,29.40430376,-1.94935958,0.551483552,9.134306668,0.002508605,0.013600902,
Lneg_g12167,128.7959675,-1.945953201,0.496964661,8.169306711,0.004260519,0.020780818,
Lneg_g08347,11.20050546,-1.91494392,0.615349764,7.933703865,0.004852237,0.023002109,
Lneg_g15718,9.004860174,-1.905946144,0.597283495,7.933523885,0.00485272,0.023002109,
Lneg_g13488,365.580521,-1.894931621,0.265756439,43.22427021,4.88114E-11,6.6296E-09,
Lneg_FASg044,658.6646879,-1.893393617,0.28748843,35.25122286,2.898E-09,2.13284E-07,
Lneg_g04309,28842.91742,-1.87911605,0.292120487,34.41408168,4.45488E-09,2.94971E-07,
Lneg_g09489,542.8115138,-1.860145707,0.281709009,37.31532886,1.00492E-09,9.09922E-08,
Lneg_g04175,6102.265711,-1.856790496,0.383025062,19.67640193,9.17271E-06,0.000154247,
Lneg_g13524,13.09688131,-1.841375551,0.485464066,9.666607295,0.001876475,0.010946794,
Lneg_g01942,46.17363312,-1.832191293,0.535467051,9.887150642,0.001664369,0.00995614,
Lneg_g11487,94.42949462,-1.828675122,0.409461083,13.5959518,0.000226674,0.002047214,
Lneg_g16930,35544.98367,-1.816972225,0.314368437,28.95645892,7.40236E-08,3.09963E-06,
Lneg_g11623,4208.278576,-1.815071302,0.492465765,10.23617715,0.001377127,0.008556764,
Lneg_g15335,284.5195266,-1.803591507,0.380684043,18.87438133,1.39615E-05,0.000221089,
Lneg_g00065,154.4538491,-1.789719544,0.350005069,22.94856863,1.66394E-06,3.72719E-05,
Lneg_g09585,203.4221931,-1.788542036,0.423025055,13.05028104,0.000303239,0.002572068,
Lneg_g00395,476.927336,-1.776543647,0.271130777,36.34434313,1.65358E-09,1.39032E-07,
Lneg_g00590,23.38240232,-1.760962298,0.529850512,8.194843481,0.004200962,0.020556577,
Lneg_g07532,3252.157925,-1.757921631,0.286541863,32.20265467,1.38901E-08,7.66414E-07,
Lneg_g06089,143.1634895,-1.754126612,0.285582656,33.98650235,5.54957E-09,3.56316E-07,
Lneg_g05766,1265.142235,-1.74537511,0.279818884,32.3182516,1.30878E-08,7.29749E-07,
Lneg_g09331,239.7320661,-1.735755841,0.353334779,17.5277003,2.83152E-05,0.000384086,
Lneg_g14820,31.85346106,-1.731383394,0.492578036,8.285025114,0.003997335,0.019824185,
Lneg_g12351,176.7092917,-1.730932968,0.301399527,28.11240542,1.1447E-07,4.49843E-06,
Lneg_g14495,312.2994557,-1.727783873,0.342344554,21.25251798,4.02581E-06,7.74037E-05,
Lneg_g04606,36.79614531,-1.724888674,0.393047519,15.20948496,9.62189E-05,0.001013264,
Lneg_g00170,215.8245721,-1.720941414,0.270079523,34.44378897,4.38741E-09,2.94178E-07,
Lneg_g15641,18.6413461,-1.707979178,0.372084436,19.61935092,9.45072E-06,0.000158419,
Lneg_g00905,7.405113556,-1.693505822,0.617276281,6.877986391,0.008726382,0.036528376,
Lneg_g05839,14.06008159,-1.69280764,0.469887067,10.69521835,0.001074128,0.006942838,
Lneg_g14176,221575.685,-1.684130801,0.255325943,36.53590991,1.49879E-09,1.27026E-07,
Lneg_g04617,9999.102506,-1.678060081,0.375545101,14.97827532,0.000108756,0.001128464,
Lneg_g01392,24.43872868,-1.676377719,0.509119547,9.636563087,0.001907418,0.011073065,
Lneg_g01739,3810.880392,-1.674421178,0.212543678,54.61342392,1.4673E-13,4.56631E-11,
Lneg_g01913,8469.213692,-1.658208126,0.337780698,20.64836323,5.51843E-06,0.000101456,
Lneg_g05576,276.3435685,-1.653772687,0.236547395,40.47829889,1.98812E-10,2.2215E-08,
Lneg_g00349,29.67172045,-1.646528844,0.484490185,9.257438987,0.002345408,0.012921086,
Lneg_g01081,404612.3847,-1.645950651,0.305414628,25.03266982,5.63671E-07,1.58735E-05,
Lneg_g05802,17.62787244,-1.630802174,0.553299776,7.053981316,0.007908927,0.033921933,
Lneg_g04614,1195.333164,-1.628765891,0.463761243,8.595030323,0.003370816,0.017226447,
Lneg_g01362,157.0208163,-1.627715731,0.306372038,24.17328654,8.80451E-07,2.24219E-05,
Lneg_g11674,19.77290031,-1.621763521,0.440483084,11.97059479,0.000540467,0.004032187,
Lneg_g04284,482.7208075,-1.617264075,0.33759693,18.30483997,1.88228E-05,0.000279676,
Lneg_g03819,160.7086834,-1.606104909,0.329257331,17.84379405,2.398E-05,0.000338275,
Lneg_g08136,1382.75869,-1.596256978,0.476814943,9.880794004,0.001670129,0.009972206,
Lneg_g00661,10211.85321,-1.588813592,0.299238125,24.43813766,7.67345E-07,2.0222E-05,
LnegOR147,9.255773655,-1.582174644,0.485789324,9.878278476,0.001672413,0.009976097,
Lneg_g10644,59.17436187,-1.578517374,0.412033093,10.41170007,0.001252194,0.007905688,
Lneg_g16957,41.88726885,-1.567541987,0.372961014,14.36525707,0.000150555,0.001455271,
Lneg_g03795,10.92272393,-1.565071843,0.416688232,12.92522105,0.000324184,0.002694841,
Lneg_g05986,44.5160149,-1.561983421,0.32991005,20.28405957,6.67544E-06,0.000119057,
Lneg_g00350,38.02209196,-1.560745268,0.429865275,10.651027,0.001100098,0.007076162,
Lneg_g05580,1365.463231,-1.557032116,0.32413507,20.36131295,6.41129E-06,0.000115709,
Lneg_g02478,3425.94814,-1.549349302,0.279889661,27.62374555,1.47359E-07,5.42055E-06,
Lneg_g16173,233.8288747,-1.531080169,0.329679789,17.17889145,3.40196E-05,0.000448161,
Lneg_g12187,117.4523656,-1.526430484,0.303829926,20.60909963,5.63277E-06,0.000103242,
Lneg_g15733,16.07732493,-1.52560569,0.31364464,22.72494552,1.86925E-06,4.11702E-05,
Lneg_g15125,227.1888733,-1.523994864,0.243872821,34.96211956,3.36182E-09,2.3431E-07,
Lneg_g10586,798.9727548,-1.523651747,0.276054821,27.82731686,1.3264E-07,5.05464E-06,
Lneg_g07376,81.85566162,-1.522207867,0.315628483,18.7273782,1.50802E-05,0.00023439,
Lneg_g01121,17.75331987,-1.52010238,0.487711058,8.919753578,0.002821026,0.014890855,
Lneg_g02514,8.116527829,-1.519870958,0.486722399,8.975369578,0.002736432,0.014565466,
Lneg_g12080,12.72782557,-1.517702738,0.509694203,8.017562839,0.004632587,0.022207071,
Lneg_g12577,8.959516717,-1.507549399,0.557335973,6.392327598,0.011461464,0.045374721,
Lneg_g06373,16684.33786,-1.501529268,0.25316862,29.91856271,4.50578E-08,2.11214E-06,
Lneg_g07548,78.98014113,-1.497616646,0.322139872,18.12085627,2.07318E-05,0.000300045,
Lneg_g03997,110.0291083,-1.496090577,0.431271008,8.711885028,0.003161421,0.016369549,
Lneg_g02897,126.0796611,-1.495788131,0.311615629,18.85600289,1.40967E-05,0.00022255,
Lneg_g15637,124.3574155,-1.494662787,0.46169389,9.67947894,0.001863375,0.010888357,
Lneg_g01148,128.4155382,-1.491589912,0.359469344,15.3914366,8.73834E-05,0.000940792,
Lneg_g02596,15.59200858,-1.491474187,0.510256277,7.043235727,0.007956516,0.03407677,
Lneg_g12615,2680.629373,-1.480225293,0.201672612,48.12312856,4.00277E-12,7.57238E-10,
Lneg_g06744,50.64231986,-1.476231774,0.262709122,29.62587968,5.24006E-08,2.38254E-06,
Lneg_g13287,551.8370985,-1.471309635,0.251755765,30.30773225,3.68653E-08,1.75924E-06,
Lneg_g02507,16.39381978,-1.467851695,0.413142523,10.99673373,0.000912726,0.006112148,
Lneg_g06891,42.16630041,-1.463949366,0.362079973,13.3740903,0.000255124,0.00223926,
Lneg_g00631,473.5472718,-1.463195482,0.263077583,27.21560799,1.81984E-07,6.51625E-06,
Lneg_g05303,2624.340815,-1.459045236,0.288447871,23.44277,1.28685E-06,3.05335E-05,
Lneg_g14968,131.7808791,-1.443634003,0.298274296,20.0903319,7.38692E-06,0.000129565,
Lneg_g08725,420.283523,-1.438503276,0.260649301,24.78761647,6.40074E-07,1.74317E-05,
Lneg_g02995,1726.167189,-1.428161889,0.31514659,18.01204835,2.19511E-05,0.000315109,
Lneg_g00498,157.4598965,-1.427881549,0.368652596,13.86303902,0.000196628,0.001809795,
Lneg_g06504,114.2046767,-1.426013254,0.35733141,12.70022422,0.000365612,0.002958969,
Lneg_g05540,747.4491623,-1.424423528,0.422049237,10.00896109,0.001557804,0.009446693,
Lneg_g01476,11578.17571,-1.416613445,0.250451191,30.00211794,4.31575E-08,2.05027E-06,
Lneg_g05762,318.1162448,-1.414050464,0.327316702,14.72654524,0.000124284,0.001255162,
Lneg_g06526,8667.735178,-1.401784752,0.265166438,24.98895431,5.76597E-07,1.60749E-05,
Lneg_g07888,466.7554812,-1.396344559,0.388432486,11.53982495,0.000681211,0.004843453,
Lneg_g08994,17.42290012,-1.394024764,0.490148379,6.248173974,0.01243214,0.048314781,
Lneg_g16508,5863.95274,-1.389184769,0.227503998,32.83650914,1.00244E-08,5.89994E-07,
Lneg_g07847,53.02679109,-1.38106917,0.28129417,21.39828129,3.73105E-06,7.3018E-05,
Lneg_g11816,413.7984277,-1.379202438,0.251916244,24.72460671,6.61344E-07,1.79189E-05,
Lneg_g06715,117.1486667,-1.377763662,0.272826465,22.25056235,2.39289E-06,5.05993E-05,
Lneg_g11966,11092.35096,-1.375682717,0.20343418,41.42318956,1.22594E-10,1.51019E-08,
Lneg_g06343,1332.898339,-1.36553456,0.391062766,10.51419031,0.001184613,0.007532889,
Lneg_g12855,28307.38081,-1.356134517,0.217368452,35.48497725,2.57025E-09,1.95894E-07,
Lneg_g11546,2585.81831,-1.348613864,0.301631203,17.95718566,2.2593E-05,0.000321275,
Lneg_g12658,1232.489528,-1.348303185,0.219726938,34.66732151,3.91143E-09,2.6734E-07,
Lneg_g15152,144.5706269,-1.347515694,0.413782327,8.66706012,0.003240135,0.016671194,
Lneg_g12944,126.2473338,-1.347035286,0.344410364,12.07303533,0.000511563,0.003854554,
Lneg_g02772,20.29595098,-1.340992548,0.365983,12.72034229,0.0003617,0.002933136,
Lneg_g13284,169.8266277,-1.340578815,0.495513358,6.797062095,0.0091308,0.037859763,
Lneg_g16369,35.49114177,-1.339038075,0.450250073,6.304558651,0.012042789,0.047234842,
Lneg_g13745,1836.076779,-1.337795101,0.254845227,24.87849036,6.10599E-07,1.68455E-05,
Lneg_g05282,4655.835426,-1.331232788,0.284939821,19.5482615,9.809E-06,0.000163906,
Lneg_g10556,22039.54969,-1.32990317,0.215686138,33.91937762,5.74437E-09,3.64406E-07,
Lneg_g01635,1240.574015,-1.32818563,0.201412859,39.56002313,3.18129E-10,3.37026E-08,
Lneg_g15928,948.7081267,-1.321734369,0.240182266,26.00607058,3.40345E-07,1.04486E-05,
Lneg_g06483,69.63635833,-1.320438531,0.255570195,24.97165489,5.81794E-07,1.61772E-05,
Lneg_g06567,1352.598297,-1.314155431,0.25354329,24.33245804,8.10616E-07,2.09967E-05,
Lneg_g04319,165.4680453,-1.307935183,0.157326734,66.41735063,3.64876E-16,3.78947E-13,
LnegIR8a,64.31158404,-1.305575089,0.297117746,17.45437475,2.94286E-05,0.000395643,
Lneg_g11545,276.6355075,-1.302502523,0.241756875,26.12628093,3.19801E-07,1.00236E-05,
Lneg_g08896,69.06507272,-1.301123721,0.486240463,6.218215543,0.012644249,0.049031176,
Lneg_g11120,493.9484641,-1.300703003,0.239904904,26.92105782,2.11937E-07,7.29907E-06,
Lneg_g14834,70.23260735,-1.295847413,0.356892579,10.75298245,0.001041114,0.006779079,
Lneg_g05559,297.9150025,-1.29407783,0.243636481,25.04702094,5.59491E-07,1.5806E-05,
Lneg_g00534,302.9338929,-1.292006048,0.380907214,10.22027837,0.001389049,0.008620728,
Lneg_g15852,1957.930861,-1.291324922,0.234327862,28.09147009,1.15715E-07,4.50692E-06,
Lneg_g10034,801.3230151,-1.286821737,0.202542993,36.99787531,1.18258E-09,1.05279E-07,
Lneg_g02316,17437.93689,-1.277391368,0.221600376,30.64447477,3.09908E-08,1.50604E-06,
Lneg_g11544,59.99014468,-1.275382975,0.258403962,21.8502972,2.94771E-06,6.04024E-05,
Lneg_g15997,219.5949606,-1.272291296,0.258205027,21.55628361,3.43595E-06,6.88099E-05,
Lneg_g16324,821.5076344,-1.271482036,0.227411229,27.30287737,1.73952E-07,6.2682E-06,
Lneg_g15236,2036.935822,-1.267408447,0.247105077,24.10705348,9.11259E-07,2.30954E-05,
Lneg_g14514,784.4512542,-1.266191938,0.256307755,22.06735465,2.63249E-06,5.48988E-05,
Lneg_g02759,168.6080755,-1.260107014,0.28270094,18.1594532,2.03158E-05,0.00029564,
Lneg_g10834,348.9522543,-1.255335661,0.249121942,23.53566741,1.22619E-06,2.94276E-05,
Lneg_g08104,768.7421447,-1.251506837,0.331634507,12.10508726,0.000502844,0.003807816,
Lneg_g13252,112.1332942,-1.250267086,0.275016461,18.47791751,1.71884E-05,0.000259025,
Lneg_g04138,219.8058287,-1.245434106,0.207468121,33.33519626,7.7566E-09,4.64257E-07,
Lneg_g12644,753.1991669,-1.243142007,0.24786857,21.0257858,4.53143E-06,8.55722E-05,
Lneg_g10987,2165.366777,-1.24232906,0.303481777,15.45155457,8.46473E-05,0.000916926,
Lneg_g03844,849.0831487,-1.242245844,0.382111915,8.287884785,0.003991045,0.019803808,
Lneg_g06863,26.62294173,-1.241330583,0.403841655,7.751769752,0.005365993,0.024954931,
Lneg_g05474,193.541797,-1.241058118,0.234085538,24.00057146,9.63071E-07,2.40065E-05,
Lneg_g14729,72.79536563,-1.241052109,0.31938308,12.55423913,0.000395309,0.003137003,
Lneg_g16624,67.7075012,-1.238911065,0.365768119,9.813083445,0.001732748,0.010260887,
Lneg_g02449,16494.72437,-1.237114028,0.241442137,24.60276343,7.04506E-07,1.8895E-05,
Lneg_FASg108,342.571554,-1.23603716,0.313167936,12.98970038,0.000313209,0.002637478,
Lneg_g01822,49.96033717,-1.226841366,0.449836057,6.401571907,0.011401937,0.045172819,
Lneg_g01261,5830.813028,-1.223316642,0.239116559,24.25878346,8.42221E-07,2.16565E-05,
Lneg_g08507,264.7766462,-1.220906765,0.267527528,18.20660724,1.9819E-05,0.000290807,
Lneg_g08952,137.819523,-1.218697416,0.276583872,16.167044,5.79944E-05,0.000682658,
Lneg_g11382,38.22421048,-1.210781948,0.272070497,18.40913159,1.78202E-05,0.000266649,
Lneg_g08554,228.1530669,-1.204126787,0.283603345,14.61221164,0.000132056,0.001316088,
Lneg_g11534,2408.969831,-1.201285106,0.268729851,17.88953018,2.34105E-05,0.000331123,
Lneg_g03936,1444.879507,-1.198241374,0.177521856,42.80672739,6.0424E-11,7.90286E-09,
Lneg_g10551,1103.836718,-1.195687889,0.197855486,33.69539684,6.4453E-09,3.99307E-07,
Lneg_g01868,28.24867401,-1.194719182,0.41545398,6.465000348,0.011001962,0.043873211,
Lneg_g13537,78.62126322,-1.192833852,0.388637633,7.144841755,0.007517991,0.032601553,
Lneg_g09679,199.0899961,-1.189614638,0.327141258,11.92013653,0.000555304,0.004122559,
Lneg_g12657,372.8436813,-1.18723364,0.221914902,26.4292151,2.73374E-07,8.92332E-06,
Lneg_g07597,20.13300804,-1.186920073,0.304739317,14.88584112,0.000114217,0.001179352,
Lneg_g08190,1228.254548,-1.180300027,0.183900865,38.3680348,5.85842E-10,5.59136E-08,
Lneg_g08061,48.49893132,-1.179449772,0.312428499,12.66029297,0.000373504,0.003009048,
Lneg_g04323,25.49635523,-1.179400574,0.393675508,8.378657081,0.003796528,0.018989812,
Lneg_g02353,205736.0168,-1.173134457,0.387491026,8.558553172,0.003439026,0.017482267,
Lneg_g05220,634.4376207,-1.169800011,0.190074347,34.39018022,4.50993E-09,2.94971E-07,
Lneg_g02681,2767.769787,-1.167149456,0.185099861,35.50524258,2.54365E-09,1.95271E-07,
Lneg_g00565,503.4982213,-1.166499952,0.219126386,26.69744631,2.37936E-07,7.96921E-06,
Lneg_g14242,2180.083394,-1.1655743,0.232751178,23.05037111,1.57812E-06,3.58E-05,
Lneg_g10837,667.9191745,-1.161911257,0.269973921,16.49700104,4.87271E-05,0.00059335,
Lneg_g15206,617.1542051,-1.156568491,0.233721791,23.69154883,1.13078E-06,2.77303E-05,
Lneg_g16767,125.5019415,-1.152312372,0.190560045,33.52723351,7.02731E-09,4.25413E-07,
Lneg_g05646,553.0765784,-1.146490884,0.204438218,28.86868464,7.74551E-08,3.18046E-06,
Lneg_g09977,19.26944417,-1.146329014,0.292835729,14.14395163,0.000169341,0.001597502,
Lneg_g02709,59480.90376,-1.145207525,0.274192222,14.01821873,0.000181048,0.001686586,
Lneg_g16383,875.3166526,-1.144422774,0.221781609,24.40038598,7.8253E-07,2.05201E-05,
Lneg_g13872,2154.249889,-1.143675097,0.411583384,6.9305147,0.00847373,0.035694113,
Lneg_g05552,112.9535578,-1.139510268,0.258469879,16.9829514,3.7717E-05,0.000484332,
Lneg_g04322,151.6171273,-1.136166669,0.431375751,6.400252241,0.011410415,0.045189509,
Lneg_g11187,338.6890865,-1.134619737,0.213960457,26.20091577,3.07677E-07,9.70097E-06,
Lneg_g11610,2818.626805,-1.133926207,0.245657776,19.37725252,1.07277E-05,0.00017626,
Lneg_g02791,17608.89516,-1.132921312,0.251866946,17.78251192,2.47649E-05,0.000347957,
Lneg_g16117,50.53959298,-1.131384952,0.253746813,17.99994174,2.20912E-05,0.00031669,
Lneg_g08470,546.3114088,-1.121303491,0.261726982,15.69923473,7.42542E-05,0.000832433,
Lneg_g05566,207.4187444,-1.119644432,0.19504526,29.78800803,4.81964E-08,2.21997E-06,
Lneg_g07823,14621.59865,-1.113253346,0.206011367,26.91860382,2.12206E-07,7.29907E-06,
Lneg_g14446,17428.01966,-1.112321589,0.27071019,14.74562086,0.000123033,0.001248478,
Lneg_g14865,790.7124307,-1.109504547,0.177549878,35.16682327,3.02636E-09,2.18104E-07,
Lneg_g11375,115.7370341,-1.098478607,0.255783371,16.0162763,6.28003E-05,0.000724734,
Lneg_g04356,5676.504456,-1.096476628,0.201043304,26.73062349,2.33885E-07,7.89102E-06,
Lneg_g14354,405.4047304,-1.094876597,0.269500398,15.63818715,7.66901E-05,0.000856117,
Lneg_g04077,922.3915663,-1.087708592,0.156386276,44.87081878,2.10471E-11,3.09685E-09,
Lneg_g04253,1529.821144,-1.085232847,0.21673506,22.47076009,2.13367E-06,4.61308E-05,
Lneg_g14601,2736.47599,-1.08341028,0.275783409,14.0691212,0.000176213,0.001649118,
Lneg_g09616,564.9455125,-1.081483871,0.27078917,14.25163867,0.000159922,0.00152494,
Lneg_g04954,102.1886497,-1.07496672,0.315836947,9.836832489,0.001710518,0.010157638,
Lneg_g06041,92.22706314,-1.07260391,0.200417036,27.13282383,1.89945E-07,6.74989E-06,
Lneg_g13248,2239.392386,-1.067650942,0.254042814,16.82540944,4.09809E-05,0.00051562,
Lneg_g00088,902.570518,-1.065437354,0.220683024,21.59648632,3.36468E-06,6.77669E-05,
Lneg_g13055,372.3036065,-1.065338562,0.303557728,11.94302342,0.000548524,0.00408367,
Lneg_g09965,69.37400734,-1.061633683,0.276279409,13.42383237,0.000248448,0.002199753,
Lneg_g02856,15038.79329,-1.060936953,0.181991575,31.92251409,1.60447E-08,8.58471E-07,
Lneg_g15010,4514.697783,-1.059878623,0.198900052,27.09599516,1.93599E-07,6.76892E-06,
Lneg_g01364,14059.85191,-1.053803455,0.222096134,21.64380526,3.28268E-06,6.64813E-05,
Lneg_g07036,1108.319176,-1.052167018,0.278426009,13.64921328,0.000220334,0.001995975,
Lneg_g00811,24.37882994,-1.051643122,0.316221759,9.628034854,0.001916295,0.011087511,
Lneg_g14170,425.8509864,-1.049760429,0.176504165,31.97840086,1.55896E-08,8.46957E-07,
LnegOR17N,66.62160298,-1.048699367,0.27548559,12.95805252,0.000318548,0.002669859,
Lneg_g16618,42951.01802,-1.045430817,0.238234226,17.71866218,2.56102E-05,0.000356992,
Lneg_g04758,901.8561732,-1.045420534,0.262817797,13.49709739,0.000238933,0.00213248,
Lneg_g08097,866.4601591,-1.043663503,0.145507813,48.03504778,4.18668E-12,7.72246E-10,
Lneg_g14205,30.89430818,-1.043206005,0.391944194,6.642165054,0.009959283,0.040533478,
Lneg_g10688,1759.915484,-1.042384706,0.186686356,29.09512905,6.891E-08,2.92013E-06,
Lneg_g16354,133.6386778,-1.041451615,0.305020877,9.725563777,0.001817226,0.01065985,
Lneg_g09012,618.9678676,-1.041180915,0.191636553,26.77497499,2.28578E-07,7.76141E-06,
Lneg_g12020,2951.398342,-1.037811545,0.24516213,16.10035969,6.00726E-05,0.000702439,
Lneg_g02809,829.256099,-1.036316078,0.363679178,6.436390922,0.011180557,0.044462022,
Lneg_g00154,1188.242173,-1.03167487,0.242536767,15.80203305,7.03269E-05,0.000796838,
Lneg_g03985,6630.240635,-1.029905141,0.359925947,8.010410047,0.004650921,0.022284872,
Lneg_g06019,694.338885,-1.026461555,0.20508217,22.24584814,2.39877E-06,5.06226E-05,
Lneg_g15451,196.8808621,-1.023007771,0.336280305,7.519966412,0.006101882,0.027566454,
Lneg_g12013,566.5472396,-1.022461278,0.272199498,12.09544366,0.000505452,0.003816648,
Lneg_g02441,3452.205262,-1.021829945,0.38224841,6.474776493,0.010941607,0.043708668,
Lneg_FASg075,1040.297318,-1.019244116,0.214612786,21.06577136,4.43785E-06,8.41048E-05,
Lneg_g10079,214.8879148,-1.018450603,0.200005785,23.46745908,1.27045E-06,3.03133E-05,
Lneg_g07824,291.8976628,-1.015611215,0.271627727,12.03354004,0.000522517,0.003917587,
Lneg_g09812,181.6706855,-1.013509445,0.18870273,27.1142404,1.9178E-07,6.74989E-06,
Lneg_g05457,41.99310799,-1.01273866,0.281095169,11.6499494,0.000642043,0.004617652,
Lneg_g05928,1527.168968,-1.011623656,0.192162296,26.42658124,2.73747E-07,8.92332E-06,
Lneg_g10887,2340.063518,-1.009114247,0.247867275,15.55577732,8.01065E-05,0.000882171,
Lneg_g08866,1999.986831,-1.008131061,0.19704158,24.00467703,9.6102E-07,2.40065E-05,
Lneg_g04510,835.7275826,-1.005859316,0.203984921,22.05262487,2.65277E-06,5.5213E-05,
LnegNPC2_1,10578.95735,-1.004520048,0.276777467,10.53018435,0.001174405,0.007485948,
Lneg_g02592,115.9509854,-1.002558412,0.203296838,23.28686081,1.3955E-06,3.27078E-05,
Lneg_g00222,268.7476158,-1.001524353,0.198276079,23.55021087,1.21696E-06,2.93011E-05,
Lneg_g10044,93.62466802,-0.99824301,0.22330386,17.40046023,3.02753E-05,0.00040497,
Lneg_g04644,446.0013422,-0.99556134,0.19476807,23.26737438,1.40971E-06,3.28953E-05,
Lneg_g02348,1578.680848,-0.994486114,0.243910944,15.45316838,8.4575E-05,0.000916926,
Lneg_g01486,161.4538486,-0.992233159,0.240120975,14.44760157,0.000144113,0.001408428,
Lneg_g09973,35.85202504,-0.990551699,0.242767169,15.81305285,6.99185E-05,0.000793058,
Lneg_g16038,2653.377077,-0.990481451,0.180134075,28.69212197,8.48482E-08,3.4178E-06,
Lneg_g02209,33.97534266,-0.990142407,0.303841037,9.917334064,0.001637294,0.009843983,
Lneg_g12941,10777.52929,-0.98968174,0.242080762,14.58208443,0.000134184,0.001332285,
Lneg_g04735,106.6054295,-0.98931095,0.229199147,16.87966725,3.98259E-05,0.000504684,
Lneg_g15827,4734.646652,-0.988065727,0.170356169,31.15338699,2.38423E-08,1.20279E-06,
LnegSNMP1,1016.049194,-0.987519658,0.29469523,9.725782889,0.001817009,0.01065985,
Lneg_g04428,210.9946446,-0.987115317,0.196627255,23.59238018,1.19058E-06,2.88627E-05,
Lneg_g03897,110.4287211,-0.986917239,0.212167004,20.71945065,5.31731E-06,9.831E-05,
Lneg_g08615,739.1728259,-0.985936352,0.277592932,12.00666432,0.000530107,0.003962762,
Lneg_g16134,206.2414036,-0.984789839,0.167765979,31.95239414,1.57998E-08,8.53993E-07,
Lneg_g01082,148.7183957,-0.983237726,0.247110348,15.55211882,8.02616E-05,0.000882751,
Lneg_g15736,27.42395207,-0.982727561,0.340646385,7.787557392,0.005260727,0.024594944,
Lneg_g14012,27.35191845,-0.978347457,0.260789539,13.2827702,0.000267856,0.002327868,
Lneg_g15495,730.8691503,-0.976107286,0.34065765,7.711890607,0.005485827,0.025378537,
Lneg_g04419,24143.00863,-0.974686203,0.186373889,24.66826274,6.80964E-07,1.84034E-05,
Lneg_g03166,387.5143896,-0.972783921,0.187168878,25.31050297,4.88044E-07,1.41653E-05,
Lneg_g02756,266.2871694,-0.972273335,0.240690897,14.72771355,0.000124207,0.001255162,
Lneg_g04268,1984.502567,-0.971355861,0.190868819,24.23955969,8.50669E-07,2.17774E-05,
Lneg_g03183,1861.001792,-0.970576923,0.309445975,8.024076261,0.004615956,0.022137366,
Lneg_g12812,50.29548521,-0.969786906,0.262022565,13.0958326,0.000295953,0.002530384,
Lneg_g14229,78.10598697,-0.968617909,0.219720513,17.66980771,2.62765E-05,0.000363886,
Lneg_g11647,629.4833111,-0.966797736,0.254363414,12.95602579,0.000318893,0.002670638,
Lneg_g15420,50.86606954,-0.965458586,0.295967983,9.653245894,0.001890173,0.010989396,
Lneg_g05471,457.0437299,-0.965227543,0.251518115,13.0916166,0.00029662,0.002530384,
Lneg_g10225,68.90983431,-0.965171764,0.294439995,9.480451922,0.002076728,0.011771459,
Lneg_g03106,23.11850563,-0.953054388,0.353760421,6.747782945,0.009386425,0.03864741,
Lneg_g06650,1253.590186,-0.94995218,0.179397209,26.40803106,2.76389E-07,8.92702E-06,
Lneg_g16625,2479.549366,-0.949761693,0.312481307,8.220783033,0.004141333,0.02036599,
Lneg_g11437,2595.378025,-0.947279412,0.327196906,7.757669994,0.005348491,0.024895395,
Lneg_g04745,9007.21613,-0.941911953,0.237619577,14.75332021,0.000122532,0.001245777,
Lneg_g07931,228.1494745,-0.941684002,0.188655439,23.60027922,1.1857E-06,2.88104E-05,
Lneg_g06965,197.3044329,-0.939855647,0.206964281,18.41897386,1.77284E-05,0.00026565,
Lneg_g11974,170.8480398,-0.939368318,0.205257847,18.60513914,1.60787E-05,0.00024509,
Lneg_g14315,1592.3698,-0.938308665,0.26994026,11.1025118,0.000862109,0.005862024,
Lneg_g02814,336.6326651,-0.936702344,0.241766662,12.97718689,0.000315309,0.002648999,
Lneg_g09209,1226.539513,-0.933621325,0.156281614,32.40716027,1.25025E-08,7.00801E-07,
Lneg_g12486,298.3459399,-0.932825488,0.243865596,12.69259966,0.000367106,0.002966526,
Lneg_g12647,74.53259543,-0.93273441,0.247941627,13.36855701,0.000255878,0.002244017,
Lneg_g04235,139.013743,-0.931035384,0.285205485,9.143768652,0.002495665,0.013551552,
Lneg_g12325,1628.45417,-0.927109939,0.205979578,19.24069233,1.15231E-05,0.000187808,
Lneg_g08793,2400.210908,-0.926994011,0.151509428,35.23386591,2.92394E-09,2.13629E-07,
Lneg_g00021,57.76932269,-0.926467176,0.240399778,13.27691095,0.000268695,0.00233324,
Lneg_g07520,759.7996669,-0.926219238,0.173669859,26.80157131,2.25454E-07,7.67993E-06,
Lneg_g09885,634.7758224,-0.926154776,0.239465707,12.89629377,0.000329233,0.002731323,
Lneg_g12715,350.2514366,-0.924944601,0.212896385,16.56470064,4.70181E-05,0.000574521,
Lneg_g09266,1206.689553,-0.918622278,0.189028052,22.02083636,2.69707E-06,5.56973E-05,
Lneg_g07496,99.83237553,-0.918621408,0.164112008,29.19239277,6.5536E-08,2.81088E-06,
Lneg_g16035,66501.05161,-0.918414296,0.298975531,8.641584062,0.003285756,0.016873146,
Lneg_g09308,158.6656036,-0.915618074,0.156324019,32.67864456,1.08725E-08,6.32876E-07,
Lneg_g16409,476.9510341,-0.915187724,0.224684871,15.21061201,9.61615E-05,0.001013264,
Lneg_g06788,69.42273728,-0.915143707,0.233198496,14.26896063,0.000158456,0.001514388,
Lneg_g04636,223.999205,-0.914902904,0.13113154,47.04269602,6.9457E-12,1.16798E-09,
Lneg_g14972,3122.254933,-0.911944886,0.231582956,13.88028895,0.000194831,0.001797945,
Lneg_g01605,1282.845218,-0.908101837,0.162560247,28.81866787,7.94813E-08,3.22615E-06,
Lneg_g06348,309.9775335,-0.907843966,0.240168916,12.98831996,0.00031344,0.002637478,
Lneg_g03481,1359.130785,-0.906939103,0.178772202,25.18556486,5.20705E-07,1.48289E-05,
Lneg_g08007,618.8392125,-0.906364059,0.264958239,10.40947147,0.001253706,0.00791052,
Lneg_g10826,183.5753814,-0.906360259,0.229468707,15.11751821,0.000101021,0.001056487,
Lneg_g09976,123.0368163,-0.90579318,0.186428524,22.74748788,1.84745E-06,4.07749E-05,
Lneg_g10174,2111.687613,-0.90566126,0.26102956,10.69545352,0.001073991,0.006942838,
Lneg_g08754,210.9193399,-0.903154928,0.299948341,7.517287704,0.006110962,0.027583952,
Lneg_g11303,9759.469602,-0.902490525,0.174812974,24.73324472,6.58387E-07,1.78845E-05,
Lneg_g00669,24004.24594,-0.902364079,0.234808232,14.31702053,0.000154462,0.001484909,
Lneg_g13412,1280.833583,-0.902238034,0.247459154,12.73892469,0.000358124,0.002909555,
Lneg_g03100,521.3442908,-0.901332498,0.136138009,40.11407108,2.39557E-10,2.58966E-08,
Lneg_g08077,258.3565492,-0.900402525,0.158438756,30.76193583,2.91704E-08,1.44407E-06,
Lneg_g09077,211.8951669,-0.897934871,0.185794968,21.81549756,3.00166E-06,6.13891E-05,
Lneg_g16227,2088.479597,-0.897232291,0.151218047,32.820045,1.01097E-08,5.91724E-07,
Lneg_g11818,297.5392346,-0.897135132,0.247803861,11.89142779,0.000563929,0.004169059,
Lneg_g16628,208.1874392,-0.8960503,0.19451359,19.16842816,1.19676E-05,0.000193882,
Lneg_g06534,255.8839758,-0.895990036,0.183302223,22.74873373,1.84626E-06,4.07749E-05,
Lneg_g11337,75.27113391,-0.894352698,0.265143744,10.29877278,0.001331187,0.008334868,
Lneg_g00757,1205.160407,-0.89340161,0.25374591,11.4362151,0.000720264,0.005099532,
Lneg_g12308,18540.52169,-0.893076139,0.292584673,8.517935269,0.003516632,0.017804435,
Lneg_g03720,360.0071035,-0.887450926,0.18749878,21.26162946,4.00672E-06,7.71767E-05,
Lneg_g06216,166.3311156,-0.887176615,0.231692879,12.81056453,0.000344668,0.002830549,
Lneg_g05826,844.1960215,-0.885091826,0.308784668,7.877676183,0.005004875,0.023565176,
Lneg_g00639,217.6451492,-0.884342434,0.206158406,16.28020826,5.46316E-05,0.0006525,
Lneg_g15082,70.66145367,-0.882674298,0.260613676,10.28074382,0.001344257,0.008386963,
Lneg_g02066,1354.848496,-0.881993292,0.162750009,27.81016683,1.33821E-07,5.06321E-06,
Lneg_g00725,477.5833305,-0.880792429,0.239293403,12.28858128,0.000455738,0.003519015,
Lneg_g07216,869.419207,-0.880694197,0.239819212,13.02297299,0.000307693,0.00259737,
Lneg_g01095,7115.163302,-0.879103906,0.248891518,11.80391047,0.000591064,0.004315463,
Lneg_g11700,471.926668,-0.878881247,0.122796822,48.84728429,2.76688E-12,5.74752E-10,
Lneg_g10719,1834.190191,-0.878043647,0.204029545,17.37266744,3.07212E-05,0.00040887,
Lneg_g11270,91.91841662,-0.875336653,0.209712424,16.61389641,4.58141E-05,0.000563056,
Lneg_g02688,10128.01832,-0.874042542,0.185504449,21.24034835,4.05145E-06,7.77556E-05,
Lneg_g07113,80.76865997,-0.872870861,0.236339555,13.13768883,0.000289415,0.002482639,
Lneg_g15546,12374.45659,-0.872076118,0.224558649,14.09486935,0.000173817,0.001629575,
Lneg_g00858,497.6618224,-0.871050908,0.220902092,14.68384037,0.000127132,0.001271796,
Lneg_g15998,201.3551208,-0.870254607,0.335107919,6.352492626,0.011721649,0.046249217,
Lneg_g16037,16107.0167,-0.868856747,0.238547336,13.17694348,0.000283415,0.00243907,
Lneg_g04180,1408.000532,-0.867876539,0.174154833,23.45028282,1.28184E-06,3.05164E-05,
Lneg_g01477,543.2519335,-0.86753844,0.270096049,8.639914788,0.003288768,0.016880431,
Lneg_g05823,5658.840966,-0.865920036,0.143937547,34.38989223,4.5106E-09,2.94971E-07,
Lneg_g06719,1164.494726,-0.8657226,0.239031933,11.94043779,0.000549286,0.00408647,
Lneg_g16278,1389.873421,-0.86351922,0.192084564,18.62802069,1.58868E-05,0.000243567,
Lneg_g11747,504.4399258,-0.860305098,0.207592556,15.40333639,8.68348E-05,0.000936791,
Lneg_g15914,1046.24038,-0.858736771,0.186031894,19.16822839,1.19689E-05,0.000193882,
Lneg_g07429,32.831073,-0.858499159,0.233173992,13.3760571,0.000254857,0.00223926,
Lneg_g12914,161490.7642,-0.85787579,0.193731722,18.35119769,1.83703E-05,0.000273721,
Lneg_g01610,205.8832501,-0.857147807,0.315904138,6.561093352,0.010423231,0.041938361,
Lneg_g07417,206.701745,-0.85563035,0.198765112,16.85537176,4.0339E-05,0.000509358,
Lneg_g15846,418.4928498,-0.855408516,0.263356601,10.17514932,0.001423462,0.008793092,
Lneg_g09982,57.84875181,-0.855172384,0.20715274,16.65856952,4.47477E-05,0.000552514,
Lneg_g16665,442.1033661,-0.853441323,0.275446093,8.942373076,0.002786305,0.014759058,
Lneg_g07092,433.7774008,-0.85229925,0.151604877,28.93347998,7.49069E-08,3.11202E-06,
Lneg_g12925,139.0493777,-0.852289319,0.235697884,12.30601774,0.0004515,0.00349256,
Lneg_g07012,948.8196512,-0.850244905,0.165587669,25.02538917,5.65803E-07,1.58735E-05,
Lneg_g03517,73.56313881,-0.850087468,0.217845454,14.42819312,0.000145606,0.001416484,
Lneg_g15009,322.2593892,-0.849597378,0.193089978,18.02643167,2.17859E-05,0.000313161,
Lneg_g03117,1937.49736,-0.849226776,0.192095109,18.51797091,1.6831E-05,0.000254725,
Lneg_g02906,301.953916,-0.848817194,0.155892953,28.07877114,1.16477E-07,4.51997E-06,
Lneg_g09020,339.0739698,-0.845469356,0.187123372,19.82027364,8.50755E-06,0.000144669,
Lneg_g01983,962.9239794,-0.841848194,0.206402563,15.34790401,8.94201E-05,0.000959794,
Lneg_g08814,290.5045886,-0.83908986,0.272806451,8.622893693,0.003319641,0.017005935,
Lneg_g09482,454.0200661,-0.837855314,0.174500102,21.15937924,4.22628E-06,8.06724E-05,
Lneg_g16903,349.7070183,-0.837510599,0.220759573,12.78003217,0.000350339,0.002870449,
Lneg_g05232,340.8681633,-0.835272694,0.317428047,6.508370292,0.010736787,0.043052807,
Lneg_g08334,196.1552219,-0.834015745,0.20066983,15.21766856,9.58029E-05,0.0010119,
Lneg_g04910,148.7224599,-0.83315461,0.210522305,13.7864108,0.000204812,0.001872115,
Lneg_g05516,4532.187365,-0.832595786,0.227814272,12.33308569,0.000445,0.003451195,
Lneg_g02684,366.6094177,-0.828297872,0.162634932,24.13909935,8.9622E-07,2.27687E-05,
Lneg_g10588,31.44160393,-0.827686,0.249219195,10.91165553,0.000955611,0.006331295,
Lneg_g07659,259.0822084,-0.827661323,0.196457221,16.8859272,3.96948E-05,0.00050437,
Lneg_g14476,284.6993028,-0.826954986,0.27196863,7.678566978,0.005588053,0.025716694,
Lneg_g03686,1007.306245,-0.825562313,0.174685549,21.42027707,3.6885E-06,7.24799E-05,
Lneg_g11949,401.2416986,-0.825480454,0.256594515,9.031412995,0.002653793,0.014228152,
Lneg_g01873,10159.7895,-0.825144283,0.194856054,17.04878528,3.64317E-05,0.00047183,
Lneg_g05097,631.6931023,-0.824908659,0.166527875,22.64984904,1.94375E-06,4.25457E-05,
Lneg_g13395,63.05940982,-0.82243378,0.226972378,12.82127695,0.0003427,0.00281742,
Lneg_g11446,362.4323422,-0.821114561,0.149432509,28.53571722,9.19859E-08,3.69128E-06,
Lneg_g08500,107.7072429,-0.820992217,0.22380733,12.89168562,0.000330045,0.002733982,
Lneg_g04238,2110.140527,-0.819348778,0.134312885,35.31144356,2.80976E-09,2.09624E-07,
Lneg_g05595,41.71648794,-0.816744666,0.272801402,7.994411987,0.004692194,0.022462313,
Lneg_g03296,518.9196458,-0.816594869,0.186430398,17.56980738,2.76951E-05,0.000378095,
Lneg_g10130,915.232373,-0.814169786,0.214792884,12.42714542,0.000423138,0.003310728,
Lneg_g12989,49.45988983,-0.813481646,0.259765505,9.028967689,0.002657345,0.014238207,
Lneg_g08829,1288.762249,-0.813340075,0.283439399,7.198082878,0.00729815,0.031869994,
Lneg_g01901,158.971991,-0.811888056,0.263980033,9.068026895,0.002601176,0.014038134,
Lneg_g05878,716.1194695,-0.81185685,0.222045924,12.10094019,0.000503964,0.003810846,
Lneg_g02996,202.801942,-0.810481451,0.303483714,6.721092417,0.009527925,0.039002642,
Lneg_g02719,454.1595943,-0.809216711,0.19249482,16.74252237,4.28107E-05,0.000533572,
Lneg_g08508,165.6064117,-0.808915719,0.148735865,27.68183437,1.42999E-07,5.31556E-06,
Lneg_g02092,823.9342559,-0.808387826,0.183038843,18.56407353,1.64288E-05,0.000249085,
Lneg_FASg070,158.7330085,-0.808181913,0.24932499,10.08363344,0.001495921,0.009157723,
Lneg_g10170,405.3639804,-0.808178549,0.247513423,9.015320287,0.00267726,0.014310237,
Lneg_g10889,51.47151258,-0.807056088,0.210719511,14.39527368,0.000148174,0.001433564,
Lneg_g13864,764.1154548,-0.806632989,0.243597153,10.15351608,0.001440263,0.008876175,
Lneg_g13457,400.6609507,-0.806140025,0.170029468,21.4171781,3.69446E-06,7.24799E-05,
Lneg_g10448,748.2056372,-0.805376651,0.286830431,6.584933181,0.010284548,0.041490669,
Lneg_g15039,555.8032035,-0.804121025,0.182770338,18.74781252,1.49194E-05,0.000232778,
Lneg_g04602,645.5345804,-0.803762861,0.158766337,24.46498891,7.56725E-07,2.00419E-05,
Lneg_g13750,420.1533894,-0.802952926,0.181501226,18.81910912,1.4372E-05,0.000225566,
Lneg_g08482,477.650986,-0.802881548,0.255773532,9.755959975,0.001787423,0.010531678,
Lneg_g10261,226.5140927,-0.797850656,0.195899232,16.29811025,5.41179E-05,0.000647825,
Lneg_g12482,715.4004124,-0.797811683,0.250304603,9.444466689,0.002117871,0.011959873,
Lneg_g07321,81.80372355,-0.796945764,0.284006338,6.829573546,0.008966067,0.037293488,
Lneg_g08498,63.27802148,-0.795510738,0.287713526,7.455627838,0.006323842,0.028351578,
Lneg_g03867,71.15287226,-0.795181382,0.294658988,6.87806189,0.008726014,0.036528376,
Lneg_g00356,5202.664927,-0.794316331,0.298917799,6.626057131,0.010049748,0.040806024,
Lneg_g07702,142.7500844,-0.793597099,0.233589724,10.29127975,0.001336604,0.008353969,
Lneg_g11960,151.7337145,-0.793131824,0.234319587,10.51436798,0.001184499,0.007532889,
Lneg_g13862,321.9565102,-0.793097476,0.180074113,18.13908938,2.05343E-05,0.000298,
Lneg_g09106,5875.282472,-0.790312584,0.2007603,14.57479646,0.000134704,0.001335635,
Lneg_g04443,207.384777,-0.787890722,0.198584679,14.82955063,0.000117677,0.001205678,
Lneg_g06044,750.4849123,-0.787421966,0.27180454,7.606118078,0.005817058,0.02655145,
Lneg_g05609,283.4816549,-0.787217199,0.173212585,19.4466385,1.0345E-05,0.000171778,
Lneg_g13276,329.5622466,-0.785892705,0.211315943,13.08857431,0.000297102,0.002532182,
Lneg_g05393,150.2763036,-0.78530785,0.19833125,14.90624079,0.000112989,0.001168946,
Lneg_g12050,328.9758107,-0.784691889,0.149962522,26.16639667,3.13226E-07,9.84664E-06,
Lneg_g02251,678.2931932,-0.784204016,0.200832224,13.89255275,0.000193564,0.001787808,
Lneg_g03404,286.4631851,-0.782978235,0.236092261,9.584772013,0.001961978,0.011275415,
Lneg_g13086,1541.167072,-0.781998977,0.266310581,7.624882177,0.005756843,0.026367486,
Lneg_g07483,12751.93184,-0.780678334,0.189962318,16.56718082,4.69566E-05,0.000574432,
Lneg_g01867,132.852973,-0.779434095,0.18142159,17.81872043,2.42981E-05,0.000341851,
Lneg_g15739,171.8508275,-0.77934355,0.222752261,11.07112788,0.000876823,0.005935991,
Lneg_g01512,143.8584432,-0.77823331,0.224242062,11.1377754,0.000845873,0.005785136,
Lneg_g04674,786.7843665,-0.777526598,0.126872127,36.04067173,1.93242E-09,1.55091E-07,
Lneg_g04260,173.441385,-0.777049105,0.179681539,17.45916634,2.93545E-05,0.000395643,
Lneg_g07346,318.9154293,-0.77481472,0.195156497,15.47698451,8.3516E-05,0.000908387,
Lneg_g02593,8029.209316,-0.773866783,0.155837091,23.142017,1.50467E-06,3.44303E-05,
Lneg_g16107,107.8759469,-0.77381595,0.229067422,10.63332876,0.001110676,0.007126894,
Lneg_g05343,285.9000662,-0.772556511,0.132810682,31.92405299,1.6032E-08,8.58471E-07,
Lneg_g04930,667.5587356,-0.770817437,0.1797657,17.72069375,2.55828E-05,0.000356992,
Lneg_g14512,621.4803876,-0.769809772,0.174062509,18.96894705,1.32863E-05,0.000211662,
Lneg_g03847,182.9418292,-0.769671349,0.238601701,9.186685593,0.002437819,0.013312504,
Lneg_g02573,804.8219568,-0.767854633,0.131384957,32.27232262,1.34009E-08,7.43292E-07,
Lneg_g12101,125.8173824,-0.767270778,0.181988994,16.34365125,5.28329E-05,0.000633875,
Lneg_g05430,96.36663184,-0.76526423,0.204768339,13.04524956,0.000304055,0.002574864,
Lneg_g04619,90.69964983,-0.764232888,0.257800423,8.259323534,0.004054323,0.020057664,
Lneg_g03945,403.7498874,-0.763609955,0.147836583,25.1395713,5.33273E-07,1.51056E-05,
Lneg_g10568,44.98016281,-0.763429919,0.27147143,7.955931251,0.004793004,0.022841694,
Lneg_g02851,38.47007912,-0.761960819,0.209970435,12.76948741,0.000352319,0.002881093,
Lneg_g03061,74.46603733,-0.760486589,0.197540732,14.88269864,0.000114407,0.001180168,
Lneg_g04139,419.7070959,-0.759824987,0.228355277,10.50690224,0.001189295,0.00755359,
Lneg_g08903,102.7434001,-0.759748686,0.244621626,8.980321388,0.002729026,0.014535599,
Lneg_g13561,116.2227997,-0.758826484,0.25768803,7.565915541,0.005948243,0.026999009,
Lneg_g07703,75.42511352,-0.758532443,0.172083713,19.20366987,1.17487E-05,0.000190899,
Lneg_g05867,110.2801335,-0.75782812,0.252966719,8.577124799,0.003404125,0.017363167,
Lneg_g16391,566.8549353,-0.757575114,0.180142479,16.50424483,4.85413E-05,0.000591768,
Lneg_g09712,13650.67965,-0.756241552,0.184191445,15.26313501,9.35241E-05,0.000991385,
Lneg_g15317,307.6801818,-0.755967689,0.275888112,6.976359492,0.008259345,0.034985808,
Lneg_g00153,618.2961697,-0.754804115,0.233695894,9.901103734,0.001651797,0.009897701,
Lneg_g06696,210.4590221,-0.754554447,0.200946445,13.35085171,0.000258305,0.002255966,
Lneg_g08954,307.0621725,-0.753421301,0.166468032,19.70279709,9.04689E-06,0.000152373,
Lneg_g11099,2554.887136,-0.752963501,0.181128449,16.23498378,5.59513E-05,0.000663772,
Lneg_g09978,95.18247138,-0.751784832,0.222053734,11.11429415,0.000856649,0.005832482,
Lneg_g14786,8075.199117,-0.751741483,0.157596103,21.35726797,3.81173E-06,7.40944E-05,
Lneg_g15861,114.5782007,-0.750337484,0.19267363,14.61627126,0.000131772,0.001314493,
Lneg_g03596,246.8880087,-0.749605444,0.185795111,15.62735966,7.71305E-05,0.000859222,
Lneg_g06307,307.2721397,-0.749386847,0.217657847,11.26094153,0.000791551,0.005477261,
Lneg_g13972,79.34450142,-0.749368777,0.245033464,9.028236651,0.002658408,0.014238207,
Lneg_g13767,337.755898,-0.749192866,0.178237393,16.81791327,4.11431E-05,0.000517046,
Lneg_g00084,33.38326144,-0.744325565,0.269741617,7.491353317,0.006199595,0.027912667,
Lneg_g13153,339.3328562,-0.743985878,0.138792538,27.12676987,1.90541E-07,6.74989E-06,
Lneg_g16658,146.8086266,-0.742668616,0.165017987,18.72624915,1.50891E-05,0.00023439,
Lneg_g05333,603.6845959,-0.74162485,0.158601123,20.90376014,4.82946E-06,9.0235E-05,
Lneg_g09766,281.9153766,-0.74002913,0.178003763,16.08054757,6.07044E-05,0.000706706,
Lneg_g07734,48.80237034,-0.739471605,0.216728329,11.81230786,0.000588405,0.004301972,
Lneg_g15977,4027.827155,-0.73939456,0.172101494,17.56275464,2.7798E-05,0.000379011,
Lneg_g09699,173.542714,-0.73743062,0.194748471,13.14615874,0.000288109,0.00247545,
Lneg_g03911,2405.794615,-0.736705376,0.146247255,24.36466664,7.97175E-07,2.07501E-05,
Lneg_g11060,145.8460083,-0.73621309,0.157411543,20.17612993,7.06288E-06,0.000124499,
Lneg_g06549,336.3608324,-0.735550162,0.189177425,13.85554958,0.000197413,0.001815444,
Lneg_g04311,82.26713178,-0.733686813,0.173707978,16.98723566,3.7632E-05,0.000483826,
Lneg_g12670,711.3869655,-0.732351513,0.130678559,30.47489694,3.38215E-08,1.63609E-06,
Lneg_g14497,3730.875491,-0.731564587,0.212731802,11.27456746,0.000785762,0.005460677,
Lneg_g15052,132.7318726,-0.730871755,0.231146755,8.793620559,0.003022857,0.015757938,
Lneg_g11092,203.265413,-0.730737139,0.165214221,18.71309328,1.51936E-05,0.000234979,
Lneg_g17011,99.92091391,-0.730180888,0.185119898,15.15632283,9.89663E-05,0.001038069,
Lneg_g04410,8617.639738,-0.729196847,0.193678036,13.42589545,0.000248175,0.002199753,
Lneg_g02875,123.1624443,-0.728441448,0.208234424,11.39094146,0.000738031,0.005202064,
Lneg_g10196,952.1200182,-0.728182976,0.158146849,20.31612358,6.56451E-06,0.000117872,
Lneg_g05919,364.1360742,-0.727474966,0.16685999,17.8489301,2.39154E-05,0.000337813,
Lneg_g16976,10840.83952,-0.726642896,0.172865975,16.57169349,4.6845E-05,0.00057373,
Lneg_g13536,161.4309829,-0.726215094,0.1376678,26.40908345,2.76238E-07,8.92702E-06,
Lneg_g01827,305.5231314,-0.725583619,0.251948825,7.680078082,0.005583375,0.025713084,
Lneg_g06619,1016.285238,-0.725379192,0.112457293,40.7937719,1.69171E-10,1.96945E-08,
Lneg_g05572,48.26742032,-0.723429681,0.242869855,8.52572891,0.003501605,0.017745195,
Lneg_g03807,76.48950871,-0.722004134,0.156408558,20.30189253,6.61351E-06,0.000118522,
Lneg_g07654,257.4044582,-0.721607431,0.239855475,8.695420064,0.003190106,0.016469777,
Lneg_g05634,4578.319728,-0.721511351,0.214655128,10.80673087,0.001011317,0.006624836,
Lneg_g09354,65.97252159,-0.721445365,0.254691424,7.241150138,0.007125132,0.031217391,
Lneg_g07071,27237.46795,-0.72107771,0.165189521,17.95011183,2.26771E-05,0.000322039,
Lneg_g08744,653.6425867,-0.721031042,0.186200445,14.2870419,0.000156942,0.001501932,
Lneg_g03366,1094.489124,-0.720723308,0.256365842,7.390702428,0.006556188,0.029171044,
Lneg_g07518,2625.239176,-0.720603259,0.195455525,12.98188722,0.000314519,0.002644454,
Lneg_g01101,1318.690327,-0.719406197,0.160019719,19.21969609,1.16505E-05,0.000189594,
Lneg_g15911,225.938168,-0.717164953,0.126607693,31.42710818,2.0707E-08,1.07534E-06,
Lneg_g00506,42.26613513,-0.714846282,0.270832378,6.948696649,0.008388032,0.035417244,
Lneg_g09449,16259.03186,-0.71426165,0.176921353,15.29331574,9.20416E-05,0.000979989,
Lneg_g00647,292.1307131,-0.714091717,0.182547956,14.86411306,0.00011554,0.001187633,
Lneg_g14930,1218.599744,-0.712573952,0.124775489,31.41739984,2.08108E-08,1.07546E-06,
Lneg_g15051,804.7849755,-0.712426337,0.201084425,11.06826044,0.00087818,0.005940895,
Lneg_g05410,336.0949157,-0.712265057,0.226729594,9.63344126,0.001910663,0.011073065,
Lneg_g08495,863.6891403,-0.711373435,0.168787996,17.00592999,3.72633E-05,0.000480837,
Lneg_g12522,199.6992693,-0.711189097,0.15829427,19.315499,1.10803E-05,0.000181711,
Lneg_g01980,1109.21175,-0.711186577,0.172427296,15.7926675,7.06759E-05,0.000799082,
Lneg_g09314,3986.950087,-0.710786076,0.258680012,6.809972707,0.009065015,0.037631179,
Lneg_g15484,199.2686169,-0.710334986,0.177551879,14.82137352,0.000118188,0.001209747,
Lneg_g13154,104.4069217,-0.710191869,0.230407642,8.631818401,0.003303417,0.016947407,
Lneg_g08362,1586.417457,-0.709486266,0.142920901,24.05621468,9.35638E-07,2.36004E-05,
Lneg_g08730,305.2663649,-0.706689145,0.135816086,25.8372646,3.71447E-07,1.11476E-05,
Lneg_g02213,106.3404907,-0.706522859,0.206033562,11.0965792,0.000864871,0.005865841,
Lneg_g06887,37138.45729,-0.705808914,0.190068087,13.0184925,0.00030843,0.002601519,
Lneg_g04111,1043.791193,-0.705585631,0.18118044,14.07011124,0.00017612,0.001649118,
Lneg_g16626,151.3777929,-0.705298316,0.155755187,19.13797585,1.21601E-05,0.000195856,
Lneg_g02656,281.7023215,-0.704703917,0.218763643,9.882256469,0.001668802,0.009971396,
Lneg_g12945,565.2314991,-0.703918662,0.153424583,20.33151521,6.51191E-06,0.000117126,
Lneg_g05485,721.2530749,-0.700284464,0.154005495,19.71249288,9.0011E-06,0.000152086,
Lneg_g06705,215.0535126,-0.700257866,0.231686081,7.970952449,0.004753392,0.02268353,
Lneg_g08778,212.3773313,-0.699534168,0.185624597,13.18433264,0.000282299,0.002431446,
Lneg_g04444,6303.855406,-0.698493131,0.179122632,14.31264351,0.000154822,0.001485669,
Lneg_g04844,279.8800617,-0.698212086,0.12595924,29.39138743,5.91399E-08,2.5997E-06,
Lneg_g02007,78.6266424,-0.697611082,0.236606632,7.712439569,0.005484159,0.025378537,
Lneg_g11176,114.4732702,-0.697572879,0.166778402,16.9473316,3.84313E-05,0.000491866,
Lneg_g09951,169.4320994,-0.694813391,0.207632862,10.77956414,0.001026268,0.006698884,
Lneg_g10326,1135.538394,-0.694802175,0.224134648,8.952341546,0.002771142,0.014700788,
Lneg_g08053,52.3000656,-0.694583352,0.198731621,11.43240793,0.000721741,0.005104221,
Lneg_g00068,788.5772733,-0.694449543,0.124708391,29.59891545,5.31347E-08,2.39536E-06,
Lneg_g04783,818.4653686,-0.694001994,0.173020459,16.11556958,5.95921E-05,0.00069759,
Lneg_g15750,312.5918933,-0.693809373,0.174924732,15.42699449,8.57545E-05,0.000927024,
Lneg_g14571,359.7789603,-0.693569139,0.207410981,10.7314571,0.001053295,0.00683738,
Lneg_g04414,488.3781038,-0.693102122,0.12827458,27.69213802,1.4224E-07,5.30594E-06,
Lneg_g09495,252.7434795,-0.691721216,0.195867776,11.62102527,0.000652104,0.004677315,
Lneg_g08840,39.97279661,-0.690572556,0.257654203,6.750562145,0.009371815,0.038617274,
Lneg_g01513,92.40837968,-0.690370325,0.261975898,6.322957176,0.011918471,0.0468687,
Lneg_g01369,106.2114912,-0.689002895,0.233622026,8.085169231,0.004462896,0.021527369,
Lneg_g10856,770.2770299,-0.68872023,0.165791045,16.93780241,3.86247E-05,0.000493595,
Lneg_g15157,1186.982065,-0.688212414,0.144284031,22.11431152,2.56887E-06,5.37839E-05,
Lneg_g10982,279.2307069,-0.687181424,0.220957785,8.703018661,0.003176835,0.016417265,
Lneg_g04378,10828.20824,-0.686968062,0.136374058,24.45050314,7.62436E-07,2.01428E-05,
Lneg_g07970,29057.12436,-0.685916872,0.215601808,9.617696405,0.001927113,0.011131466,
Lneg_g12793,602.5598747,-0.684763976,0.142611149,20.85023564,4.96631E-06,9.23037E-05,
Lneg_g06009,250.3675449,-0.683536902,0.194462822,11.46817883,0.00070798,0.00502031,
Lneg_g09629,532.2331813,-0.683157826,0.168457578,15.66226511,7.57199E-05,0.000847967,
Lneg_g12158,131.3424872,-0.682473141,0.199731828,11.33744251,0.000759599,0.005322214,
Lneg_g10342,476.8313965,-0.682401681,0.190814599,12.62609334,0.000380399,0.00304607,
Lneg_g07576,566.9956241,-0.682012152,0.128717824,26.74350783,2.32331E-07,7.86362E-06,
Lneg_g00806,1313.312541,-0.681485026,0.099541484,46.24820468,1.04182E-11,1.59957E-09,
Lneg_g09297,224.5025688,-0.681304093,0.172016098,15.32101238,9.0702E-05,0.000969624,
Lneg_g08158,27.16482847,-0.68026924,0.222943468,8.718874629,0.003149324,0.016314883,
Lneg_g10599,634.4177944,-0.676170702,0.128532348,26.66720864,2.41689E-07,8.05173E-06,
Lneg_g09255,392.2237965,-0.674713255,0.156797123,17.37770003,3.064E-05,0.000408302,
Lneg_g09980,82.65408018,-0.674345284,0.212364577,9.573974396,0.001973551,0.011313743,
Lneg_g05394,33.15555284,-0.673831486,0.248449159,7.046751931,0.007940912,0.034031561,
Lneg_g03822,278.4058023,-0.672821228,0.148212927,19.85787778,8.34183E-06,0.000142676,
Lneg_g07530,435.1279658,-0.67245067,0.148241666,19.59585452,9.56766E-06,0.000160126,
Lneg_g14628,303.276781,-0.671304088,0.141466033,21.58447251,3.38582E-06,6.80633E-05,
Lneg_g15068,629.2604245,-0.670686593,0.156070497,17.18310315,3.39442E-05,0.000447827,
Lneg_g10595,100.9405852,-0.670447706,0.260830973,6.29266251,0.012123879,0.047447499,
Lneg_g05792,251.4265006,-0.670320807,0.156470851,17.36986923,3.07665E-05,0.000408959,
Lneg_g08714,459.1327734,-0.670016693,0.17336937,14.55069614,0.000136438,0.001344051,
Lneg_g14052,480.6258088,-0.669244271,0.232150039,8.150324722,0.004305345,0.020951229,
Lneg_g04880,918.0214036,-0.668151679,0.151626249,19.03309129,1.28471E-05,0.000204973,
Lneg_g02598,935.9716612,-0.667027841,0.15041006,18.29331922,1.8937E-05,0.000280242,
Lneg_g03803,146.7935835,-0.666517694,0.162067247,16.34446661,5.28101E-05,0.000633875,
Lneg_g04134,141.2595917,-0.666429517,0.196370895,10.89742741,0.000962979,0.006356262,
Lneg_g00808,8408.857885,-0.6646791,0.213464957,9.317564468,0.002269675,0.012663051,
Lneg_g02643,676.7214119,-0.664636989,0.151734759,18.18999565,1.99926E-05,0.000292406,
Lneg_g09201,3208.030569,-0.664636594,0.180291283,13.34411448,0.000259235,0.002260358,
Lneg_g14148,89.16333008,-0.664459289,0.232871707,7.582110412,0.005895038,0.02679195,
Lneg_g13164,111.6444876,-0.663051843,0.159042061,16.78396175,4.18858E-05,0.000523894,
Lneg_g02167,1767.794683,-0.663028092,0.208231091,10.00003821,0.00156537,0.009479077,
Lneg_g05030,336.3174494,-0.661493087,0.10971254,35.42546573,2.64999E-09,2.00529E-07,
Lneg_g11498,787.5483047,-0.661080976,0.150118022,19.1533458,1.20626E-05,0.000194803,
Lneg_g04434,1710.375157,-0.661005266,0.185719248,12.27410959,0.000459286,0.0035361,
Lneg_g13073,133.4181161,-0.657164163,0.16586546,14.63473044,0.000130488,0.001302908,
Lneg_g12748,259.5222408,-0.656565555,0.213493391,8.877686594,0.002886771,0.015140532,
Lneg_g13921,73.11193795,-0.656511574,0.19652534,10.72687742,0.001055905,0.006850126,
Lneg_g04927,156.089889,-0.656450643,0.172726433,13.79576251,0.000203795,0.001864428,
Lneg_g13354,164.2558234,-0.656309052,0.20301632,10.29686802,0.001332562,0.008335703,
Lneg_g03821,366.4386801,-0.654107067,0.129034297,24.42009278,7.74566E-07,2.03617E-05,
Lneg_g10635,1094.791101,-0.654025138,0.148786196,18.37930481,1.81013E-05,0.000270473,
Lneg_g03875,327.4631047,-0.65317732,0.163266873,15.84493324,6.87504E-05,0.000781908,
Lneg_g11274,4968.774661,-0.65092039,0.159371897,15.97372151,6.42279E-05,0.000739598,
Lneg_g13409,162.2695771,-0.650593161,0.142010668,20.38352773,6.33729E-06,0.000115158,
Lneg_g08753,28782.7092,-0.650176952,0.199344132,10.18347638,0.001417048,0.008773935,
Lneg_g14451,996.0012388,-0.649924189,0.206146116,9.517676116,0.002035021,0.011588774,
Lneg_g04218,275.2985811,-0.648734238,0.149967242,17.91561379,2.30919E-05,0.000327053,
Lneg_g10623,1008.909403,-0.648457956,0.202184069,10.01496548,0.001552733,0.009425769,
Lneg_g05465,150.1160054,-0.648289249,0.202213409,10.09382851,0.001487667,0.009124682,
Lneg_g09264,475.0030841,-0.64796051,0.191533453,11.09225399,0.000866891,0.005875776,
Lneg_g02493,66.35215576,-0.647925983,0.244028262,6.854632614,0.008841173,0.036878409,
Lneg_g09026,852.2009393,-0.647833068,0.144784739,18.67049024,1.55369E-05,0.000238547,
Lneg_g09399,133.5075203,-0.64775507,0.250287284,6.389619273,0.011478965,0.045410064,
Lneg_g06454,159.3832568,-0.647296269,0.153307915,16.88311871,3.97536E-05,0.00050437,
Lneg_g07549,104.5101065,-0.647187104,0.162230793,14.86347239,0.00011558,0.001187633,
Lneg_g13548,113.0743652,-0.647154151,0.179447386,12.62613267,0.000380391,0.00304607,
Lneg_g08768,139.9063611,-0.647152342,0.158208847,16.5832206,4.65612E-05,0.000570913,
Lneg_g06651,102.4895172,-0.646916711,0.240193078,6.77438016,0.00924756,0.038209303,
Lneg_g07731,63.81220591,-0.645994715,0.24435013,6.853020604,0.008849154,0.03689411,
Lneg_g01524,788.071773,-0.645792174,0.206490726,9.430209565,0.002134399,0.012021171,
Lneg_g11121,653.6649776,-0.644874991,0.148212875,18.59261486,1.61846E-05,0.000246351,
Lneg_g14775,323.6474744,-0.643628325,0.17971301,12.52123593,0.000402353,0.003184902,
Lneg_g05421,31.16167418,-0.643358517,0.216495938,8.578371142,0.003401795,0.017363167,
Lneg_g15853,330.7968737,-0.64234657,0.156549606,16.80759308,4.13674E-05,0.000518635,
Lneg_g12603,82.19023211,-0.642101103,0.244967989,6.756885141,0.009338663,0.038525623,
Lneg_g10813,161.2179094,-0.641725612,0.199309983,9.685308155,0.001857472,0.010865854,
Lneg_g09484,5581.440865,-0.641315612,0.119024894,27.899702,1.27769E-07,4.90431E-06,
Lneg_g16735,466.2704642,-0.64125505,0.14136876,19.97713732,7.83737E-06,0.000135758,
Lneg_g15912,194.945409,-0.641206834,0.197046341,10.18652908,0.001414704,0.008769672,
Lneg_g03140,2847.956527,-0.640698859,0.207050298,9.316076957,0.002271518,0.012663051,
Lneg_g14347,373.4523619,-0.639865015,0.131969141,22.54919872,2.0483E-06,4.44666E-05,
Lneg_g13246,60.87729173,-0.639361352,0.173493516,13.43429164,0.000247066,0.002192144,
Lneg_g01935,377.8713851,-0.639338499,0.193192399,10.08939097,0.001491254,0.009137272,
Lneg_g15273,510.9019082,-0.638099397,0.189748029,10.64839579,0.001101664,0.00707979,
Lneg_g07945,162.2541037,-0.636949434,0.185160736,11.42736692,0.000723702,0.005111264,
Lneg_g09481,810.41947,-0.63659512,0.225253435,7.271019404,0.007007602,0.030829957,
Lneg_g07544,8906.031387,-0.634499843,0.129208919,23.20485994,1.45629E-06,3.37591E-05,
Lneg_g02578,94.9131513,-0.633069209,0.205843782,8.762175785,0.003075419,0.01596325,
Lneg_g12880,223.1541681,-0.632694318,0.243890154,6.267681204,0.012295995,0.047943974,
Lneg_g06391,473.8716978,-0.632589203,0.20144799,9.296090286,0.002296434,0.012754293,
Lneg_g14853,567.1078772,-0.631594117,0.159425475,15.34095381,8.97496E-05,0.000961383,
Lneg_g00640,117.6942627,-0.63147123,0.20395411,8.908732147,0.002838102,0.014966081,
Lneg_g05272,1001.431709,-0.630213557,0.18644862,10.84297773,0.000991711,0.006514935,
Lneg_g03448,544.9483619,-0.629604974,0.197343875,9.830805335,0.001716132,0.010179564,
Lneg_g16275,538.7943139,-0.627791096,0.169505822,13.06458144,0.000300932,0.00255455,
Lneg_g05335,531.5547434,-0.627080214,0.14053769,18.56337427,1.64348E-05,0.000249085,
Lneg_g09729,247.9434666,-0.626550782,0.185770295,10.77014772,0.001031503,0.006724763,
Lneg_g05115,391.6979044,-0.626272018,0.119660135,26.07514816,3.28384E-07,1.02578E-05,
Lneg_g05147,716.5316922,-0.626157922,0.143811687,18.0376723,2.16576E-05,0.000311741,
Lneg_g08731,155.9264971,-0.625890201,0.17274896,12.53009862,0.000400449,0.003175414,
Lneg_g13237,748.9945554,-0.625492844,0.123144711,24.5780895,7.13585E-07,1.90421E-05,
Lneg_g16395,290.6945676,-0.625067415,0.166787673,13.4006446,0.000251538,0.002215122,
Lneg_g05979,1212.776119,-0.624720576,0.150258339,16.84403987,4.05806E-05,0.000511798,
Lneg_g15092,655.0498757,-0.624568024,0.146000518,17.33442646,3.13456E-05,0.000415614,
Lneg_g08746,1459.384363,-0.6244959,0.171060266,13.11741052,0.000292564,0.002507625,
Lneg_g00437,1956.93323,-0.623684488,0.204025292,9.271937959,0.002326914,0.012859324,
Lneg_g12459,1016.508322,-0.622902729,0.145117769,17.16793613,3.42163E-05,0.000448623,
Lneg_g04847,2123.077315,-0.622664041,0.216183752,8.132468598,0.004347951,0.021100708,
Lneg_g02186,505.1130912,-0.622610261,0.174402916,11.88491776,0.000565903,0.004180738,
Lneg_g06398,2239.340677,-0.62199531,0.125251389,23.66972372,1.14368E-06,2.79671E-05,
Lneg_g07402,657.6583532,-0.621295373,0.184708532,10.35300277,0.001292642,0.008127154,
Lneg_g08306,1430.007687,-0.621220634,0.18406049,11.20987271,0.000813633,0.005600798,
Lneg_g13618,73.05924313,-0.621000756,0.205984295,9.036208872,0.00264684,0.014204974,
Lneg_g09984,543.7315764,-0.619846976,0.1279098,22.75126451,1.84383E-06,4.07749E-05,
Lneg_g11042,167.9865588,-0.61913593,0.164813755,13.47021746,0.00024238,0.002154349,
Lneg_g07685,276.5033509,-0.617315544,0.181923301,11.02072269,0.000900989,0.006048848,
Lneg_g05349,454.5419342,-0.616922609,0.143873317,18.34565766,1.84238E-05,0.000274132,
Lneg_g14179,554.9575573,-0.616627744,0.15463276,15.26200873,9.35799E-05,0.000991385,
Lneg_g09349,362.1038213,-0.615963038,0.162195456,13.18787264,0.000281767,0.002428832,
Lneg_g16734,879.7883205,-0.614857583,0.137117755,19.39533951,1.06266E-05,0.000175904,
Lneg_g04681,439.9353911,-0.613678186,0.225001123,6.774416202,0.009247373,0.038209303,
Lneg_g09968,47.77848042,-0.613556251,0.223878845,7.17765462,0.007381714,0.032142162,
Lneg_g02666,130.3835549,-0.61168864,0.20899586,7.894580156,0.004958315,0.023397944,
Lneg_g02605,5983.024053,-0.611371187,0.131709448,20.99124884,4.61386E-06,8.69737E-05,
Lneg_g06309,191.9937184,-0.611131576,0.18415952,10.60546812,0.001127537,0.007226333,
Lneg_g02781,163.6420453,-0.611049454,0.190422617,9.967397697,0.001593365,0.009618298,
Lneg_g02682,258.3436483,-0.610081632,0.162000349,13.50427436,0.000238021,0.002129722,
Lneg_g01004,506.0073073,-0.608821783,0.117902364,25.77308315,3.84007E-07,1.14596E-05,
Lneg_g15084,10345.4754,-0.607611138,0.170362072,12.28164513,0.000457435,0.003526977,
Lneg_g07904,2659.731252,-0.606333824,0.14140744,18.18826359,2.00108E-05,0.000292406,
Lneg_g06890,74.63646396,-0.60590122,0.169274266,12.49474802,0.000408098,0.0032216,
Lneg_g11641,54.98081846,-0.605578067,0.195726512,9.475652872,0.002082168,0.011789677,
Lneg_g09202,3010.112079,-0.604867602,0.170037008,12.38486506,0.000432828,0.003369125,
Lneg_g13444,426.9847993,-0.604563389,0.108519315,29.89517423,4.56046E-08,2.12835E-06,
Lneg_g02526,813.4817316,-0.604554927,0.18414218,10.13225722,0.001456969,0.008968697,
Lneg_g12250,162.668268,-0.604305541,0.215317606,7.245000792,0.007109868,0.03117685,
Lneg_g09357,278.1778235,-0.603946185,0.227169901,6.679668409,0.009751876,0.039827054,
Lneg_g03110,759.9967751,-0.603696873,0.122475784,24.00242332,9.62145E-07,2.40065E-05,
Lneg_g07262,1667.798451,-0.603654566,0.192180009,9.618166201,0.00192662,0.011131466,
Lneg_g08808,459.6321599,-0.602701724,0.184272595,10.3244907,0.001312765,0.008238999,
Lneg_g12024,382.4920651,-0.602185761,0.223123854,7.155976617,0.00747146,0.032430448,
Lneg_g12886,880.8326852,-0.602022346,0.214209765,7.657284783,0.005654354,0.025983286,
Lneg_g12072,130.2594019,-0.601125077,0.167713987,12.63176904,0.000379246,0.003046045,
Lneg_g14981,98.37649222,-0.599362864,0.219160238,7.066481898,0.007853932,0.03374588,
Lneg_g12105,2307.479111,-0.599358096,0.180136541,10.70710766,0.001067247,0.006906792,
Lneg_g08685,1635.846538,-0.598848205,0.194320259,9.139943571,0.002500888,0.013572955,
Lneg_g00783,1089.27634,-0.598511615,0.179824144,10.87659029,0.000973874,0.006420173,
Lneg_g03568,369.4200424,-0.598182188,0.201903127,7.915784443,0.004900533,0.023166552,
Lneg_g05010,1029.75747,-0.5973871,0.154401503,14.35616561,0.000151283,0.001459651,
Lneg_g16699,208.2368591,-0.597296327,0.187736047,9.616760666,0.001928095,0.011131466,
Lneg_g03612,402.919776,-0.596883211,0.191281658,9.490902497,0.002064932,0.011723415,
Lneg_g14919,73.07499803,-0.596667101,0.194095104,9.031377343,0.002653844,0.014228152,
Lneg_g07122,824.6113358,-0.594626069,0.156739598,13.58688065,0.000227772,0.002053629,
Lneg_g09868,180.5055512,-0.594189007,0.185621088,9.653434024,0.001889979,0.010989396,
Lneg_g05425,292.1618631,-0.593945567,0.180927503,10.28628807,0.001340224,0.00837166,
Lneg_g05501,239.7315512,-0.5930825,0.187134957,9.357102791,0.00222123,0.012437478,
Lneg_g01557,307.346358,-0.592335769,0.151746892,14.42423363,0.000145913,0.001418162,
Lneg_g05142,253.2078096,-0.591886482,0.160934674,12.94720445,0.0003204,0.002676903,
Lneg_g12438,866.9474591,-0.59123139,0.131262405,19.84953837,8.3783E-06,0.00014293,
Lneg_g02896,229.0947975,-0.591148654,0.202920173,7.78631398,0.005264349,0.02460102,
Lneg_g04485,206.4436241,-0.590532229,0.165065028,12.61852986,0.000381942,0.003053803,
Lneg_g04995,370.0229029,-0.590428208,0.169832343,11.65386566,0.000640693,0.004614206,
Lneg_g02182,281.7610109,-0.588924418,0.174159259,10.91330283,0.000954761,0.00633012,
Lneg_g10407,395.3577443,-0.588683516,0.154445283,14.31004228,0.000155036,0.001486377,
Lneg_g05473,656.6707859,-0.588446088,0.109081597,28.10940217,1.14648E-07,4.49843E-06,
Lneg_g07339,491.1543546,-0.588380344,0.164978695,12.30538803,0.000451653,0.00349256,
Lneg_g05716,68.71309057,-0.587916766,0.185721593,9.660686332,0.001882533,0.010970051,
Lneg_g07934,1348.420699,-0.587717084,0.171857415,11.43535627,0.000720597,0.005099532,
Lneg_g05872,20747.67179,-0.587516265,0.222230835,6.94441071,0.008408153,0.035460181,
Lneg_g14792,200.2427583,-0.58742199,0.166013592,11.73998824,0.000611714,0.00443566,
Lneg_g07707,893.6769045,-0.585353814,0.16173746,12.74896857,0.000356206,0.002902362,
Lneg_g03818,917.705068,-0.585228005,0.113153378,26.39493752,2.78269E-07,8.93327E-06,
Lneg_g03064,354.6647772,-0.585112382,0.15119944,14.31974462,0.000154239,0.001484109,
Lneg_g05148,905.4258964,-0.584787152,0.174157414,10.71954075,0.0010601,0.006868928,
Lneg_g05655,23518.51033,-0.583985727,0.180485381,10.08314099,0.00149632,0.009157723,
Lneg_g07872,6318.960959,-0.583171316,0.12020974,23.06084282,1.56955E-06,3.5682E-05,
Lneg_g15104,833.4664461,-0.583111073,0.167099975,11.37250871,0.000745391,0.005246961,
Lneg_g09688,2688.409837,-0.582871625,0.160947205,12.59246845,0.000387304,0.003085039,
Lneg_g03983,363.9847952,-0.582600423,0.176839787,10.82993159,0.000998723,0.006555436,
Lneg_g15520,993.4641985,-0.582277072,0.178246566,10.17565436,0.001423072,0.008793092,
Lneg_g11167,149.9775147,-0.581821649,0.17466931,10.51065238,0.001186883,0.007542797,
Lneg_g16542,387.9860424,-0.581568399,0.212310884,7.363016174,0.006657901,0.029536771,
Lneg_g02660,696.7385353,-0.581099638,0.151714487,14.43387164,0.000145168,0.001413517,
Lneg_g02849,636.031945,-0.580314397,0.109158848,27.2147287,1.82066E-07,6.51625E-06,
Lneg_g10701,568.4679543,-0.580229189,0.156085048,13.072431,0.000299674,0.00254795,
Lneg_g08256,179.5559024,-0.579001559,0.16331591,12.03892742,0.000521009,0.003911817,
Lneg_g03307,320.4490661,-0.578603728,0.137786308,16.86018256,4.02369E-05,0.000509283,
Lneg_g13256,937.034326,-0.578149357,0.137481281,17.07070283,3.60136E-05,0.000467559,
Lneg_g10264,181.5012168,-0.57666066,0.179085084,9.826063781,0.001720562,0.010200129,
Lneg_g00566,646.6777929,-0.576641262,0.116296811,23.27338565,1.40531E-06,3.28651E-05,
Lneg_g05213,916.4038664,-0.576614568,0.101355588,31.4367125,2.06048E-08,1.07531E-06,
Lneg_g04242,499.8796582,-0.575882942,0.139726365,16.27132176,5.48884E-05,0.000654829,
Lneg_g07958,3659.046454,-0.574293053,0.114315555,24.38076297,7.90542E-07,2.06281E-05,
Lneg_g15455,4281.066314,-0.574260647,0.15421497,13.34570978,0.000259015,0.002260296,
Lneg_g08437,684.635472,-0.573976967,0.185468862,9.074214126,0.00259239,0.014002778,
Lneg_g16861,136.5571605,-0.573917033,0.1735523,10.35336259,0.001292391,0.008127154,
Lneg_g13688,77455.20038,-0.573430029,0.170532115,10.95658723,0.000932714,0.006218488,
Lneg_g13251,3877.103278,-0.573313349,0.203076972,7.771381623,0.005308043,0.024783346,
Lneg_g12046,3784.596554,-0.572782375,0.180079096,9.663460133,0.001879693,0.010959528,
Lneg_g06242,785.2719081,-0.572275135,0.19319723,8.3913854,0.003770035,0.018875116,
Lneg_g08322,461.0740439,-0.571927715,0.130208255,19.10576244,1.23671E-05,0.000198511,
Lneg_g12795,762.1825222,-0.571732185,0.176271528,9.730855395,0.001812001,0.01064689,
Lneg_g02490,1230.822533,-0.571671934,0.117752417,22.86432201,1.73849E-06,3.87738E-05,
Lneg_g13265,1103.277695,-0.570176594,0.188097063,8.792951972,0.003023965,0.015757938,
Lneg_g12741,148.1437416,-0.569879702,0.14421422,15.1605595,9.87445E-05,0.001036769,
Lneg_g12633,562.9388596,-0.569419234,0.192260028,8.469190915,0.003612121,0.018213615,
Lneg_g09443,372.4043435,-0.568674018,0.129104967,18.68043814,1.5456E-05,0.000238342,
Lneg_g05492,1423.867714,-0.568617468,0.178998702,9.903576472,0.001649579,0.009890004,
Lneg_g09483,127.7622786,-0.568075378,0.162531907,11.77365092,0.00060075,0.004371119,
Lneg_g16657,168.2575978,-0.56747898,0.186230312,8.508669881,0.003534583,0.017873688,
Lneg_g01688,381.7723257,-0.567292662,0.138238991,16.47998753,4.91663E-05,0.000597326,
Lneg_g02613,215.0541047,-0.566839079,0.151313437,13.82830704,0.000200296,0.001838764,
Lneg_g11787,127.6098283,-0.566005336,0.164012481,11.83756004,0.000580478,0.004258763,
Lneg_g01854,3011.198997,-0.565918503,0.099861562,31.35620007,2.14772E-08,1.09917E-06,
Lneg_g03797,7998.798818,-0.565800649,0.153990632,13.06518815,0.000300835,0.00255455,
Lneg_g03426,516.3304768,-0.565344299,0.144847428,14.71847651,0.000124817,0.001258147,
Lneg_g16654,620.9884406,-0.562695809,0.145925259,14.1514691,0.000168665,0.00159397,
Lneg_g03229,682.6666798,-0.561173199,0.111822991,24.51001982,7.39244E-07,1.96773E-05,
Lneg_g03092,314.9571024,-0.560691188,0.14450006,14.52769653,0.000138114,0.00135857,
Lneg_g04928,557.8022957,-0.560365869,0.140558826,15.1939486,9.70138E-05,0.00102062,
Lneg_g10164,832.3146802,-0.559803704,0.168556374,10.66408791,0.001092357,0.007043476,
Lneg_g09969,90.4719892,-0.55818616,0.146335396,14.15211048,0.000168608,0.00159397,
Lneg_g02604,593.1040824,-0.557758611,0.168524802,10.64653784,0.001102771,0.007080461,
Lneg_g11000,179.7727355,-0.557054726,0.168650278,10.82727375,0.001000158,0.006560788,
Lneg_g16764,459.214495,-0.556392385,0.106112022,26.70447415,2.37072E-07,7.96921E-06,
Lneg_g14097,1746.281588,-0.556376652,0.155496888,12.46408012,0.000414853,0.003270052,
Lneg_g12915,196586.6525,-0.556234253,0.178445876,9.275544611,0.002322336,0.012854143,
Lneg_g02257,1417.92842,-0.556099,0.122298775,20.21473876,6.92176E-06,0.000122624,
Lneg_g02424,840.3596628,-0.555985772,0.136456166,16.06785045,6.11128E-05,0.0007099,
Lneg_g10831,464.0987528,-0.555145224,0.171957857,9.850210249,0.001698124,0.010095354,
Lneg_g13678,4026.16778,-0.554948189,0.207894308,6.907427098,0.008583842,0.036071886,
Lneg_g02023,216.4835889,-0.554707289,0.166585536,10.80902171,0.001010067,0.006621687,
Lneg_g12706,1111.304367,-0.554630831,0.127556635,18.11028166,2.08473E-05,0.000301304,
Lneg_g09935,647.1652857,-0.553856262,0.085283218,41.46601085,1.19938E-10,1.49485E-08,
Lneg_g12216,343.0831492,-0.552659859,0.134440128,16.09456538,6.02567E-05,0.000703814,
Lneg_g06212,340.1300697,-0.552143667,0.187527876,8.481547568,0.003587668,0.018107552,
Lneg_g00464,533.7659355,-0.552112618,0.186289997,8.515495446,0.00352135,0.017815275,
Lneg_g03760,687.5367308,-0.552065411,0.176606266,9.575936678,0.001971442,0.011307775,
Lneg_g11286,496.1415023,-0.550780871,0.203298689,7.014768162,0.00808401,0.034426729,
Lneg_g03516,177.5241976,-0.549972157,0.202792566,6.724745166,0.009508432,0.038952948,
Lneg_g04367,534.5161631,-0.549420109,0.191083096,7.884224578,0.004986785,0.023500892,
Lneg_g07462,139.7568566,-0.549149945,0.161204014,11.12779136,0.000850438,0.005805116,
Lneg_g16105,213.0450715,-0.548363967,0.136982177,15.06795923,0.000103709,0.001079264,
Lneg_g07197,7187.638218,-0.548210104,0.179988515,8.777127772,0.003050311,0.015864015,
Lneg_g02701,558.7062651,-0.547739311,0.165989864,10.57469359,0.001146463,0.00732698,
Lneg_g00893,122.4500752,-0.546708916,0.160257091,11.49377231,0.000698298,0.004958288,
Lneg_g13087,637.7398534,-0.546621692,0.178508684,8.996790707,0.002704541,0.014419683,
Lneg_g10192,510.7124767,-0.545255124,0.132729406,16.35807081,5.24324E-05,0.000630498,
Lneg_g03378,5144.36727,-0.544796948,0.109515809,24.28281554,8.31778E-07,2.144E-05,
Lneg_g15196,337.9530084,-0.544784073,0.137362754,15.08979178,0.000102516,0.001068953,
Lneg_g12118,520.3793006,-0.544310429,0.169901511,9.806460574,0.001738999,0.010280665,
Lneg_g04255,155.4104628,-0.544023849,0.175701394,8.92013869,0.002820431,0.014890855,
Lneg_g14367,362.7062669,-0.543576096,0.201641452,6.998205739,0.008159146,0.034644485,
Lneg_g16888,71.44284046,-0.541315389,0.212317573,6.310807117,0.01200042,0.047103537,
Lneg_g09806,715.7651748,-0.541140371,0.132301972,16.06199212,6.13022E-05,0.00071132,
Lneg_g12356,427.776223,-0.540674843,0.105378815,25.73008532,3.92658E-07,1.16849E-05,
Lneg_g05342,222.2040353,-0.538679851,0.190779411,7.766826967,0.005321445,0.024821513,
Lneg_g00589,1485.509117,-0.537760296,0.209328424,6.459845055,0.011033927,0.043961421,
Lneg_g12694,995.4106056,-0.537513487,0.177297202,9.006228746,0.00269061,0.014359862,
Lneg_g13216,117.8925607,-0.53694249,0.183429732,8.528959356,0.003495395,0.017726288,
Lneg_g04794,295.6944448,-0.536112172,0.146531806,12.86260857,0.000335213,0.002767924,
Lneg_g03721,17150.66283,-0.535973785,0.121484039,18.90057002,1.37712E-05,0.000218728,
Lneg_g11175,445.4285381,-0.534727597,0.149852164,12.42027505,0.000424698,0.003320478,
Lneg_g05210,439.0094527,-0.534284715,0.125469751,17.23685809,3.29972E-05,0.000435876,
Lneg_g03900,511.7273517,-0.533624967,0.172625366,9.290509505,0.002303441,0.012769572,
Lneg_g09539,1173.558847,-0.533571669,0.127998681,16.76854,4.22276E-05,0.000526925,
Lneg_g02417,372.5236177,-0.532744165,0.187647983,7.613735588,0.005792536,0.026485165,
Lneg_g12215,697.8810996,-0.532181957,0.165881813,10.01409956,0.001553463,0.009425769,
Lneg_g09972,1039.953117,-0.530403697,0.118982781,19.48328332,1.01484E-05,0.000168779,
Lneg_g00782,2879.818631,-0.530253616,0.160331861,10.67322741,0.001086973,0.007017302,
Lneg_g02909,224.4035936,-0.529787191,0.163254783,10.19648533,0.001407086,0.008727557,
Lneg_g03189,916.2637643,-0.528866337,0.177202556,8.656253931,0.003259407,0.016754079,
Lneg_g15830,6248.290771,-0.528624647,0.168737943,9.621908519,0.001922698,0.011118485,
Lneg_g10661,484.2593236,-0.528335351,0.182839386,7.827719108,0.005145099,0.024118748,
Lneg_g00876,710.312708,-0.527806282,0.139219987,13.99165024,0.000183624,0.001703429,
Lneg_g16497,2453.485219,-0.527733586,0.156328568,11.20057188,0.000817721,0.005625285,
Lneg_g12445,528.6131885,-0.525995504,0.103395297,25.43335936,4.57931E-07,1.34386E-05,
Lneg_g09256,38.36512815,-0.525823185,0.193244598,7.022411626,0.008049574,0.034358256,
Lneg_g14704,106.3115187,-0.525435983,0.156318086,11.06592964,0.000879285,0.005943011,
Lneg_g14320,445.145606,-0.524886272,0.126736971,16.7766422,4.20477E-05,0.000525299,
Lneg_g11377,267.848908,-0.524510098,0.135901485,14.79242965,0.000120016,0.001227271,
Lneg_g07547,730.1360956,-0.524046427,0.130318575,15.52810708,8.12876E-05,0.000889102,
Lneg_g01997,759.6797315,-0.523491261,0.202540894,6.183458561,0.012894998,0.049839333,
Lneg_g02098,146.7156907,-0.52292346,0.171718277,8.889442482,0.002868243,0.015079983,
Lneg_g13368,258.3919883,-0.52285892,0.170531836,8.936012202,0.002796025,0.014794098,
Lneg_g12932,1469.592443,-0.521814962,0.13897965,13.41308845,0.000249875,0.002205514,
Lneg_g06585,295.5292616,-0.521694562,0.197602205,6.870722507,0.008761922,0.036616885,
Lneg_g08107,1589.344501,-0.521585405,0.115807367,20.01303413,7.69161E-06,0.000134058,
Lneg_g08085,943.5864935,-0.521400022,0.09979851,26.26027489,2.98363E-07,9.49207E-06,
Lneg_g15389,195.311006,-0.520677916,0.179817556,8.11754845,0.00438388,0.021245575,
Lneg_g10378,952.6776691,-0.519980357,0.105759628,23.66629367,1.14572E-06,2.79671E-05,
Lneg_g14196,373.6611411,-0.519615535,0.136867882,13.76670557,0.000206972,0.001888597,
Lneg_g00576,4363.525945,-0.519309262,0.202718419,6.405749159,0.011375142,0.04511728,
Lneg_g09147,1878.917623,-0.518661555,0.091785709,31.45143873,2.04491E-08,1.07246E-06,
Lneg_g08102,520.8207443,-0.517374432,0.128734722,16.07027979,6.10344E-05,0.000709768,
Lneg_g01691,859.3038012,-0.515499295,0.146150314,12.07038918,0.00051229,0.003857286,
Lneg_g10366,290.9881544,-0.51511918,0.181762881,7.81636233,0.00517753,0.024248787,
Lneg_g13247,230.8459554,-0.514953156,0.171737963,8.539775146,0.003474686,0.01763815,
Lneg_g10546,18664.5637,-0.514930127,0.148633393,11.67299084,0.00063414,0.004573232,
Lneg_g06485,274.1184679,-0.514878431,0.179160831,7.943878556,0.004825031,0.022934738,
Lneg_g16214,639.4945284,-0.514691842,0.158406739,10.28075028,0.001344253,0.008386963,
Lneg_g05399,398.456159,-0.514414273,0.166161091,9.230912979,0.00237963,0.013092077,
Lneg_g15430,464.9893097,-0.513660259,0.13323745,14.26809818,0.000158529,0.001514388,
Lneg_g07153,1289.196515,-0.513004466,0.149263669,11.6996081,0.000625133,0.004520584,
Lneg_g14469,1667.076885,-0.512916702,0.142280152,12.76974029,0.000352272,0.002881093,
Lneg_g04361,405.0160382,-0.512290975,0.141164131,12.38487537,0.000432826,0.003369125,
Lneg_g00489,294.2732131,-0.510761575,0.142083571,12.27872004,0.000458152,0.00352994,
Lneg_g08515,154.7585966,-0.510210979,0.169839838,8.894694986,0.002860004,0.015059085,
Lneg_g06123,407.6521513,-0.509889034,0.152517634,11.02613911,0.000898361,0.006039064,
Lneg_g13890,987.9681855,-0.509849018,0.127142886,15.63257995,7.69179E-05,0.000857756,
Lneg_g04931,446.4949249,-0.509780528,0.163315921,9.046907331,0.002631396,0.014156032,
Lneg_g04118,152.9836943,-0.509525006,0.123006537,17.07784959,3.58783E-05,0.000466374,
Lneg_g14223,604.0998147,-0.509493665,0.144849712,11.89333303,0.000563352,0.004167705,
Lneg_g08475,385.5516243,-0.5090236,0.121806518,17.12183502,3.50569E-05,0.000457267,
Lneg_g04836,225.7888138,-0.508639282,0.152060094,11.10442699,0.000861219,0.005859829,
Lneg_g02166,351.5422854,-0.508393065,0.182821481,7.533336747,0.006056763,0.027385977,
Lneg_g08418,327.3818978,-0.508249834,0.141670896,12.64549043,0.000376473,0.003030662,
Lneg_g04561,147.8884993,-0.507319797,0.176583083,7.67441106,0.005600937,0.025764797,
Lneg_g05596,145.9749003,-0.507083991,0.163223614,9.531658199,0.002019576,0.011515277,
Lneg_g05964,3307.705138,-0.506226861,0.092266678,29.42819606,5.80272E-08,2.58294E-06,
Lneg_g01429,12047.98393,-0.505833392,0.137236963,13.23634494,0.000274573,0.00237455,
Lneg_g08955,812.5030062,-0.50472875,0.179193582,7.463309165,0.006296915,0.028254771,
Lneg_g06894,4188.270365,-0.504279922,0.112003116,19.95980636,7.90873E-06,0.000136458,
Lneg_g12168,575.0858511,-0.503659243,0.119692711,17.34426293,3.11838E-05,0.000413987,
Lneg_g12826,1754.539444,-0.502995827,0.136842213,13.25439609,0.000271941,0.002355639,
Lneg_g02693,2456.081254,-0.502969091,0.183350688,7.257001772,0.00706251,0.031019997,
Lneg_g15088,336.5695614,-0.501381056,0.12822643,14.6944788,0.000126416,0.001265834,
Lneg_g14899,121.7352604,-0.500659809,0.141526622,12.23138421,0.000469923,0.003601282,
Lneg_g11235,438.2451873,-0.499999044,0.138518814,12.44229441,0.00041972,0.003293705,
Lneg_g03035,479.9050228,-0.499649849,0.148651765,11.01302183,0.00090474,0.006070183,
Lneg_g11163,364.6589395,-0.499106437,0.1649593,8.935303747,0.00279711,0.014794098,
Lneg_g11030,519.4316808,-0.498685041,0.134249467,13.58898843,0.000227516,0.002053072,
Lneg_g13598,868.5613813,-0.497991344,0.163303625,9.060512724,0.002611887,0.014081595,
Lneg_g05276,203.5202103,-0.497578887,0.169248427,8.467497148,0.003615486,0.01822191,
Lneg_g00597,288.0991764,-0.49669838,0.153578608,9.926198681,0.001629427,0.009819198,
Lneg_g13906,1806.498013,-0.496282039,0.104510188,22.04093177,2.66898E-06,5.54414E-05,
Lneg_g00972,436.1000333,-0.496023235,0.138635188,12.56042762,0.000394002,0.003131322,
Lneg_g05277,756.9674896,-0.495974861,0.1235646,15.21464492,9.59564E-05,0.001012512,
Lneg_g04427,17385.48318,-0.495597898,0.109204155,20.17089769,7.08223E-06,0.000124633,
Lneg_g09112,145.9990662,-0.495465573,0.162034899,8.959368654,0.002760503,0.014659031,
Lneg_g06648,2934.128832,-0.494885087,0.194011583,6.377631199,0.011556758,0.04568369,
Lneg_g01103,231.4356167,-0.494665504,0.169271623,8.186693563,0.004219877,0.020630075,
Lneg_g12334,4416.92217,-0.494132613,0.167033897,8.413800581,0.003723834,0.018703772,
Lneg_g11108,151.7513039,-0.494002357,0.180733297,7.27967999,0.006973896,0.030694413,
Lneg_g12551,1991.638663,-0.493650575,0.14141915,12.05143794,0.000517524,0.003891167,
Lneg_g16295,332.2583243,-0.493049721,0.152970315,9.997675878,0.001567379,0.009479077,
Lneg_g00190,181.7502041,-0.492711958,0.168564558,8.382906985,0.003787661,0.018954409,
Lneg_g01811,671.8074609,-0.492036171,0.136412649,12.76350711,0.000353448,0.002884764,
Lneg_g14838,112.180739,-0.490890387,0.143925486,11.60172199,0.000658908,0.004719722,
Lneg_g08566,537.7142207,-0.490852507,0.121668927,15.7185151,7.35012E-05,0.000826615,
Lneg_g07150,993.1876464,-0.489799172,0.176888049,7.484175892,0.006224355,0.027970575,
Lneg_g12035,1621.939021,-0.489780866,0.124235651,15.30947742,9.12575E-05,0.000973597,
Lneg_g13723,934.7084695,-0.48881993,0.115341907,17.62401822,2.69167E-05,0.000371297,
Lneg_g09215,1574.514236,-0.488697764,0.137963943,12.32897486,0.000445981,0.003453747,
Lneg_g03339,1020.950469,-0.488326337,0.167316542,8.235107018,0.004108775,0.02024575,
Lneg_g16550,112.7071157,-0.487815514,0.185568926,6.575687834,0.010338104,0.041674992,
Lneg_g02060,180.3727001,-0.486725056,0.162644815,8.685171043,0.003208095,0.016530426,
Lneg_g15431,939.9309595,-0.485476784,0.126001671,14.03827875,0.000179127,0.001671956,
Lneg_g05879,502.1748126,-0.48536018,0.117313425,17.0345143,3.67065E-05,0.00047423,
Lneg_g02294,275.2755051,-0.484614014,0.104856595,20.89540146,4.85058E-06,9.04701E-05,
Lneg_g13410,350.8515126,-0.48440336,0.127158426,13.92465422,0.000190286,0.001762143,
Lneg_g16119,750.2473428,-0.484378284,0.148397959,10.68389265,0.001080724,0.006981214,
Lneg_g05444,4247.587668,-0.483315772,0.090858987,27.81189344,1.33702E-07,5.06321E-06,
Lneg_g15015,771.3369211,-0.483159003,0.099800567,22.83238633,1.76762E-06,3.92582E-05,
Lneg_g00975,456.4957902,-0.483023319,0.154273447,9.517021323,0.002035747,0.011588774,
Lneg_g01180,36456.26547,-0.482370519,0.157677581,9.082311541,0.002580936,0.013950223,
Lneg_g07431,342.7097641,-0.481518086,0.095897553,24.64539467,6.89092E-07,1.85686E-05,
Lneg_g15133,444.5698443,-0.480352512,0.128361703,13.40324429,0.000251189,0.002213894,
Lneg_g14587,166.6918943,-0.479034989,0.134210748,12.37359855,0.000435448,0.003387027,
Lneg_g05588,521.738031,-0.478562011,0.124200031,14.56189924,0.000135629,0.001339162,
Lneg_g14143,1603.843988,-0.478368985,0.116215752,16.59732716,4.62161E-05,0.000567339,
Lneg_g09702,546.3669745,-0.477943322,0.178651138,6.957991028,0.008344568,0.035276277,
Lneg_g12974,226.8104337,-0.476728573,0.178724414,6.948002892,0.008391286,0.035417244,
Lneg_g15316,135.403649,-0.476596938,0.176761143,7.113758269,0.007649457,0.033076877,
Lneg_g02689,299.0118565,-0.475999436,0.172614909,7.505546637,0.006150927,0.027728902,
Lneg_g09116,1570.402452,-0.475930915,0.125121103,13.86656704,0.000196259,0.001807971,
Lneg_g11904,420.6854683,-0.475041076,0.150711801,9.788109453,0.00175644,0.010366418,
Lneg_g09141,566.2600984,-0.474515579,0.102099155,21.1001615,4.35891E-06,8.27569E-05,
Lneg_g14299,16279.16725,-0.474145176,0.111682547,17.82584979,2.42072E-05,0.000341026,
Lneg_g00738,280.8429176,-0.47377957,0.129127865,13.21108672,0.000278298,0.002402843,
Lneg_g12946,730.4917381,-0.473579011,0.153674175,9.327732938,0.002257114,0.0126184,
Lneg_g06387,10759.34717,-0.473380963,0.108964266,18.43899777,1.75431E-05,0.000263619,
Lneg_g13953,451.2116231,-0.473284714,0.166799914,7.485523454,0.006219699,0.027967524,
Lneg_g07919,266.1052809,-0.473201755,0.13917596,11.54064224,0.000680911,0.004843453,
Lneg_g00817,1258.569853,-0.473062949,0.133739033,12.21518731,0.000474021,0.003620601,
Lneg_g03830,324.3220133,-0.472745304,0.118654654,15.70906284,7.38694E-05,0.000829724,
Lneg_g09087,495.3417597,-0.470624024,0.125875733,13.79620701,0.000203747,0.001864428,
Lneg_g05320,3197.508334,-0.470362375,0.10204039,20.88146443,4.886E-06,9.09706E-05,
Lneg_g00025,300.1728831,-0.469583126,0.159884049,8.363844557,0.003827599,0.019118145,
Lneg_g04097,10418.30661,-0.469086881,0.158344134,8.660363775,0.003252064,0.016724448,
Lneg_g04673,371.05463,-0.469032655,0.132773948,11.83655524,0.000580792,0.004258763,
Lneg_g15388,611.9441817,-0.468989725,0.147112035,9.983087357,0.001579846,0.009543927,
Lneg_g15073,417.5147914,-0.468873164,0.118113266,15.26624488,9.33702E-05,0.000991147,
Lneg_g16280,215.9594997,-0.468452867,0.174962086,6.949651901,0.008383554,0.035417244,
Lneg_g04269,2791.983877,-0.467581807,0.139316781,10.73410212,0.00105179,0.0068318,
Lneg_g13458,993.6898059,-0.46724027,0.154996645,8.827655964,0.002966992,0.015518882,
Lneg_g14435,869.6910573,-0.466077068,0.154415869,8.531202235,0.00349109,0.017712936,
Lneg_g05619,389.5424514,-0.46597077,0.115626982,15.61012794,7.78366E-05,0.000865268,
Lneg_g00435,5696.326037,-0.465804429,0.175165203,6.742845537,0.009412437,0.038724412,
Lneg_g09744,4768.283112,-0.464642512,0.108163366,17.68985873,2.60009E-05,0.000361009,
Lneg_g10230,484.0565336,-0.464398036,0.121709921,14.129135,0.00017068,0.001604419,
Lneg_g09605,117.5552993,-0.464066425,0.180327946,6.340177691,0.011803306,0.046502127,
Lneg_g08257,485.3654984,-0.464059359,0.157571484,8.258815768,0.004055457,0.020057664,
Lneg_g02527,1014.52904,-0.463958269,0.155128158,8.6687897,0.003237061,0.016663472,
Lneg_g07088,29577.03419,-0.463137682,0.152816854,8.927584386,0.002808956,0.014841935,
Lneg_g14166,709.5948044,-0.462821924,0.122294536,14.05559468,0.000177485,0.001659556,
Lneg_g10133,666.8195666,-0.461462624,0.145922255,9.599556601,0.001946244,0.011211802,
Lneg_g02824,519.694313,-0.461010969,0.140288395,10.50372207,0.001191343,0.007562067,
Lneg_g10812,1880.211895,-0.460652332,0.135977411,11.29909301,0.00077545,0.005411801,
Lneg_g14935,333.424886,-0.460649144,0.139462562,10.24080043,0.00137368,0.008545368,
Lneg_g07476,65.25504892,-0.460128386,0.154749856,8.561399801,0.003433653,0.01747172,
Lneg_g10594,73.48560488,-0.460090492,0.172810738,7.059120529,0.00788627,0.033838456,
Lneg_g07505,424.1339071,-0.459985471,0.117456703,15.00194102,0.000107401,0.001115493,
Lneg_g12161,451.2113043,-0.459626905,0.150672147,8.984193049,0.00272325,0.014512129,
Lneg_g10429,646.8176578,-0.459568065,0.139161145,10.71321047,0.001063733,0.006888256,
Lneg_g12324,247.6758513,-0.458547458,0.137335715,11.07097621,0.000876895,0.005935991,
Lneg_g05791,676.3258584,-0.457952933,0.084498716,28.85166819,7.81386E-08,3.18948E-06,
Lneg_g04520,705.1090017,-0.457570277,0.133634389,11.5455285,0.000679124,0.004835107,
Lneg_g14569,102.6945119,-0.457396367,0.147937744,9.55661614,0.0019923,0.011402717,
Lneg_g02282,1526.72034,-0.456035521,0.153354727,8.318517541,0.003924293,0.019527461,
Lneg_g07460,422.7190915,-0.455678172,0.15978332,8.124984392,0.004365936,0.021177988,
Lneg_g02389,210.7801868,-0.455542594,0.136164447,11.029777,0.000896599,0.006034672,
Lneg_g11888,1968.302543,-0.454912227,0.149428978,9.04622692,0.002632375,0.014156032,
Lneg_g05029,511.2939835,-0.454781402,0.132234261,11.42795841,0.000723471,0.005111264,
Lneg_g05328,173.685795,-0.454293135,0.152211389,8.728074725,0.003133472,0.016240705,
Lneg_g14257,322.1429072,-0.454242895,0.122850031,13.1062769,0.000294308,0.002518497,
Lneg_g03361,540.9274827,-0.453906895,0.116451629,14.69752273,0.000126212,0.001264988,
Lneg_g07397,44617.79977,-0.453353275,0.159612011,7.615078508,0.005788224,0.026476876,
Lneg_g10519,127.3183819,-0.453337728,0.156698758,8.279921856,0.004008585,0.019853648,
Lneg_g02683,1030.434964,-0.453275565,0.170664132,6.912232716,0.008560803,0.03600363,
Lneg_g13416,475.6797587,-0.452963819,0.130373484,11.58402013,0.00066521,0.004742417,
Lneg_g11582,501.5475205,-0.451586248,0.095499287,21.89306372,2.88274E-06,5.91856E-05,
Lneg_g06685,160.6279178,-0.44995189,0.174656468,6.249039827,0.012426065,0.048308891,
Lneg_g05782,243.3919308,-0.449437681,0.113368618,15.31543294,9.09703E-05,0.000971511,
Lneg_g12484,23134.39022,-0.449141588,0.133278501,11.02316465,0.000899803,0.006044715,
Lneg_g14421,123.6468149,-0.449007335,0.165674906,7.184706176,0.007352759,0.032051849,
Lneg_g05183,328.9907875,-0.447991321,0.137769271,9.997395514,0.001567618,0.009479077,
Lneg_g10330,644.269092,-0.447464619,0.151665894,8.395125655,0.003762285,0.018845223,
Lneg_g02513,226.1085182,-0.446127325,0.152073473,8.233620141,0.004112142,0.020252923,
Lneg_g09864,474.9660893,-0.445863512,0.170970737,6.464751304,0.011003504,0.043873211,
Lneg_g05291,246.5568961,-0.445512171,0.156805743,7.914390241,0.004904311,0.023174071,
Lneg_g05686,118.0160083,-0.444756944,0.175532636,6.317195786,0.011957258,0.047003781,
Lneg_g01624,138.6399166,-0.444533326,0.156709608,7.915805756,0.004900475,0.023166552,
Lneg_g06618,118.0148246,-0.444233664,0.145594312,9.11623069,0.002533515,0.013721908,
Lneg_g07681,156.517506,-0.444124106,0.155444741,7.891973311,0.004965466,0.023421259,
Lneg_g01430,1181.648778,-0.444105063,0.12912023,11.58677486,0.000664225,0.004741779,
Lneg_g15038,1695.26868,-0.443665706,0.166141663,7.069717901,0.00783976,0.03374588,
Lneg_g04127,183.0582224,-0.442425434,0.150447855,8.21717878,0.004149566,0.020371825,
Lneg_g13142,401.3104993,-0.441589894,0.11692867,13.65153393,0.000220061,0.001995975,
Lneg_g12566,295.5337921,-0.441063378,0.110893587,15.45387547,8.45434E-05,0.000916926,
Lneg_g05787,888.320163,-0.440792529,0.153317423,8.080712525,0.004473885,0.021563394,
Lneg_g10718,615.2952759,-0.44076565,0.11050943,15.34355884,8.9626E-05,0.00096103,
Lneg_g08752,178.278344,-0.439483117,0.150895799,8.215075067,0.00415438,0.020373131,
Lneg_g15800,624.0372173,-0.439346251,0.119515253,13.08032331,0.000298414,0.002541316,
Lneg_g15226,549.7261346,-0.438761131,0.124878673,11.84715503,0.000577495,0.00424584,
Lneg_g11707,3278.807955,-0.438674658,0.153631684,8.042217833,0.004569955,0.021996413,
Lneg_g08922,417.0377512,-0.438438622,0.114878941,14.10498001,0.000172885,0.001623713,
Lneg_g12472,7408.937963,-0.438198337,0.117361028,13.51829658,0.000236249,0.002121033,
Lneg_g03641,279.6241263,-0.438000289,0.159797884,7.377482685,0.006604555,0.029336963,
Lneg_g12180,181.7786162,-0.437662667,0.154582741,7.682436809,0.005576082,0.025704202,
Lneg_g02840,756.9261049,-0.437648942,0.142055456,9.272325851,0.002326421,0.012859324,
Lneg_g03200,240.0448798,-0.437348289,0.156461378,7.608273631,0.005810108,0.026542599,
Lneg_g01418,1724.209947,-0.43679864,0.084085377,26.41095262,2.75971E-07,8.92702E-06,
Lneg_g09888,866.835786,-0.436782396,0.139348205,9.4474595,0.002114418,0.011953117,
Lneg_g01963,1209.786409,-0.436220252,0.10192517,17.97123168,2.24269E-05,0.000320635,
Lneg_g11062,368.2374657,-0.436206644,0.11644654,13.69905688,0.000214562,0.001949461,
Lneg_g04635,200.3301956,-0.434760377,0.112173588,15.03664799,0.000105444,0.001096241,
Lneg_g08532,1276.583848,-0.43415462,0.112223922,14.39563632,0.000148145,0.001433564,
Lneg_g03545,97.94480637,-0.433713155,0.166285695,6.81374173,0.009045902,0.03757999,
Lneg_g03167,427.8617188,-0.43287879,0.119752707,12.85261625,0.000337008,0.002780576,
Lneg_g10134,342.5763284,-0.432646794,0.148091204,8.23942898,0.004099003,0.020206996,
Lneg_g05761,413.2735992,-0.432420163,0.123831357,11.75847569,0.000605668,0.004400856,
Lneg_g04947,3447.881127,-0.432312132,0.152119519,7.853384901,0.005072565,0.023852086,
Lneg_g02653,1691.143551,-0.431205888,0.101594221,17.58716445,2.74434E-05,0.000376114,
Lneg_g01735,456.2284181,-0.431144536,0.129331461,10.942752,0.000939705,0.006261153,
Lneg_g11457,336.1309719,-0.429663755,0.113197564,14.17153863,0.000166876,0.001584123,
Lneg_g00214,367.8218481,-0.428892713,0.139038573,9.146192452,0.002492362,0.013540553,
Lneg_g07103,895.7285192,-0.428603697,0.129502989,10.77546909,0.001028541,0.006709586,
Lneg_g07709,13989.03433,-0.428358836,0.142545297,8.812866213,0.002991138,0.015609909,
Lneg_g16379,542.1079725,-0.428125344,0.110412807,14.73266883,0.000123881,0.001254681,
Lneg_g04075,1173.438087,-0.427662529,0.137000175,9.297884686,0.002294186,0.01275163,
Lneg_g09986,16051.81837,-0.427111821,0.163531266,6.625443361,0.010053212,0.040806024,
Lneg_g04576,687.0183224,-0.427085069,0.145788592,8.222009828,0.004138534,0.020363971,
Lneg_g10439,616.5646992,-0.427018655,0.152712576,7.758853879,0.005344987,0.024890017,
Lneg_g09416,1482.094681,-0.425883339,0.112160585,14.34149691,0.000152467,0.001469729,
Lneg_g02197,423.5517686,-0.42553629,0.141365181,8.695898344,0.003189269,0.016469777,
Lneg_g12186,1487.825886,-0.424506366,0.084031808,25.20181117,5.16337E-07,1.47441E-05,
Lneg_g04304,358.6055901,-0.424269905,0.110374187,14.43475232,0.0001451,0.001413517,
Lneg_g00463,500.7419934,-0.422754822,0.10352151,16.26680968,5.50193E-05,0.000655652,
Lneg_g05388,551.839445,-0.422657075,0.116639628,12.94091346,0.000321478,0.002682025,
Lneg_g06978,559.4033909,-0.421549578,0.162406138,6.306696791,0.012028274,0.047195382,
Lneg_g01586,144.3612223,-0.421527689,0.118668461,12.60803543,0.000384092,0.003068681,
Lneg_g13512,1153.588461,-0.421373594,0.157591317,7.089761454,0.007752557,0.033454413,
Lneg_g03506,571.584511,-0.420784118,0.155536207,7.034833811,0.007993929,0.034162035,
Lneg_g01620,167.0418631,-0.420311322,0.137254479,9.194374731,0.0024276,0.013277353,
Lneg_g11066,292.0473113,-0.420026826,0.136709242,9.187522049,0.002436705,0.013312504,
Lneg_g06386,2314.566923,-0.418586979,0.140990858,8.567997522,0.003421232,0.017416884,
Lneg_g09543,17064.30387,-0.418085578,0.140321075,8.704094887,0.00317496,0.016415582,
Lneg_g13214,366.1654093,-0.416415075,0.124278228,10.72108267,0.001059217,0.006867407,
Lneg_g16204,458.6599836,-0.416077455,0.124896292,10.76241601,0.001035821,0.006748761,
Lneg_g12831,150.5609832,-0.415815007,0.115167806,13.04823185,0.000303571,0.002572824,
Lneg_g05610,1526.914683,-0.415135969,0.142739471,8.084567281,0.004464379,0.021527369,
Lneg_g12076,64.96183332,-0.414802198,0.157616239,6.893175781,0.008652541,0.036302979,
Lneg_g10365,673.046062,-0.414758024,0.094367105,18.67073201,1.55349E-05,0.000238547,
Lneg_g02358,169.7664429,-0.414755457,0.147690386,7.936399336,0.004845015,0.022986155,
Lneg_g06663,582.9917064,-0.41457562,0.156013331,6.521742392,0.010656355,0.04274647,
Lneg_g02105,329.419341,-0.414028937,0.12597388,10.54188286,0.001166995,0.007447676,
Lneg_g06805,495.3595237,-0.41402227,0.109337779,14.01219225,0.000181629,0.001686586,
Lneg_g02780,267.7043033,-0.413712819,0.127334258,10.17335327,0.001424849,0.008796533,
Lneg_g05756,605.2854263,-0.413684404,0.090747201,20.0351664,7.6031E-06,0.000132916,
Lneg_g05212,281.9541957,-0.413667151,0.15956327,6.543569142,0.010526395,0.042289205,
Lneg_g11236,255.5474157,-0.413633498,0.124104294,10.7846299,0.001023464,0.006684694,
Lneg_g03640,232.7253757,-0.413592665,0.130729019,9.598436831,0.001947431,0.011212545,
Lneg_g16025,2533.426542,-0.413582601,0.121529079,11.35587037,0.000752099,0.005284614,
Lneg_g11596,1448.599814,-0.413139419,0.143699089,8.105480672,0.004413162,0.021358171,
Lneg_g00546,98.37220278,-0.413100266,0.132673237,9.372032713,0.002203211,0.012349637,
Lneg_g14572,406.8423425,-0.411723457,0.122693833,11.04158797,0.000890905,0.006007797,
Lneg_g02657,335.2449552,-0.410087279,0.151887258,7.014523596,0.008085114,0.034426729,
Lneg_g04310,281.5136158,-0.409757194,0.133047421,9.272748533,0.002325884,0.012859324,
Lneg_g05781,634.7947985,-0.40875359,0.142601752,7.973568457,0.004746528,0.02266098,
Lneg_g07403,1166.824433,-0.407852009,0.11237091,12.830132,0.000341082,0.00280763,
Lneg_g08316,17317.33292,-0.407541171,0.152400755,7.063073582,0.007868888,0.033777552,
Lneg_g06560,50656.4137,-0.407433919,0.14934501,7.280695274,0.006969955,0.03068982,
Lneg_g07503,86.66600763,-0.406183043,0.117841018,11.71671492,0.000619412,0.004485339,
Lneg_g11081,4708.380543,-0.406139187,0.141327567,7.979606005,0.004730724,0.022605903,
Lneg_g00871,413.5760895,-0.406061109,0.077830406,27.01750205,2.01622E-07,7.02625E-06,
Lneg_g10468,1917.98032,-0.404857588,0.13407754,8.870159794,0.002898698,0.015187341,
Lneg_g02208,995.601315,-0.404761111,0.132545337,9.04781202,0.002630094,0.014156032,
Lneg_g02888,378.0915541,-0.403795619,0.151892919,6.869140165,0.008769684,0.036634869,
Lneg_g12449,159.4627446,-0.40235539,0.138250818,8.420604376,0.003709925,0.018662365,
Lneg_g13176,894.7647916,-0.402169026,0.143370765,7.679604388,0.005584841,0.025713084,
Lneg_g11548,278.1363513,-0.401883456,0.150790908,6.933749194,0.008458419,0.035657977,
Lneg_g12323,298.7225415,-0.401303476,0.099682476,16.11686209,5.95514E-05,0.00069759,
Lneg_g04277,256.9488788,-0.401038037,0.116261795,11.58803854,0.000663774,0.004741753,
Lneg_g08936,1471.237186,-0.400625944,0.126933852,9.633457365,0.001910646,0.011073065,
Lneg_g16703,250.2374902,-0.40001074,0.120650139,10.90000439,0.00096164,0.006352871,
Lneg_g04297,20974.51136,-0.399289094,0.132996058,8.610730757,0.003341882,0.017110742,
Lneg_g12908,175.4075954,-0.398996048,0.119651061,11.27011455,0.000787649,0.005464538,
Lneg_g02374,213.1612522,-0.39850676,0.148310309,7.082146688,0.007785569,0.033577629,
Lneg_g05895,589.4662453,-0.398163566,0.144265752,7.308792928,0.0068618,0.030314393,
Lneg_g06607,303.4381369,-0.397690732,0.118792901,11.03580541,0.000893688,0.006022732,
Lneg_g02011,329.0235263,-0.396492772,0.14443436,7.32830738,0.006787694,0.030037107,
Lneg_g01487,190.8103496,-0.39613985,0.152208245,6.553495617,0.01046783,0.042101821,
Lneg_g13282,356.8010495,-0.395106992,0.156010451,6.269334015,0.012284531,0.047943974,
Lneg_g12069,783.6027973,-0.395062735,0.099588417,15.37237037,8.82696E-05,0.000948406,
Lneg_g14983,1026.801101,-0.395028609,0.127283884,9.614143041,0.001930845,0.011135208,
Lneg_g02823,273.9464828,-0.393829774,0.127736533,9.46287661,0.00209672,0.011865733,
Lneg_g02225,3346.111335,-0.393827455,0.104845502,14.02201462,0.000180683,0.001684994,
Lneg_g00467,93.44898885,-0.393813162,0.134390968,8.479787214,0.003591141,0.018116452,
Lneg_g13459,587.8550732,-0.393358574,0.13670692,8.284317149,0.003998894,0.019824185,
Lneg_g00620,2794.647251,-0.392661933,0.147432843,6.932306364,0.008465246,0.035672558,
Lneg_g00400,233.8906431,-0.392570468,0.149845144,6.619254123,0.010088207,0.040904164,
Lneg_g10912,1055.933774,-0.392174322,0.145868335,6.967050799,0.008302422,0.035121023,
Lneg_g10227,538.049882,-0.392171412,0.141249026,7.440539056,0.006377079,0.028566077,
Lneg_g12342,455.3733667,-0.391883598,0.131806542,8.593653891,0.003373365,0.01723116,
Lneg_g12966,613.5913748,-0.391247914,0.114513454,11.49391968,0.000698242,0.004958288,
Lneg_g09263,2405.12875,-0.391219921,0.1019514,14.72852278,0.000124154,0.001255162,
Lneg_g04718,330.6560812,-0.390957786,0.115856765,11.32387559,0.000765168,0.005354158,
Lneg_g12219,1082.095603,-0.390505998,0.128276358,8.963679028,0.002753997,0.01463182,
Lneg_g01506,1992.40909,-0.390019378,0.151184153,6.462023036,0.011020411,0.04392409,
Lneg_g08404,222.859012,-0.389709557,0.087540175,19.70679061,9.028E-06,0.000152297,
Lneg_g07545,693.8128775,-0.389620777,0.148745849,6.732633128,0.009466476,0.038841147,
Lneg_g12713,605.0627883,-0.388923299,0.1392792,7.443972516,0.006364925,0.028523693,
Lneg_g06871,243.6960491,-0.388071608,0.14893324,6.595614029,0.010223029,0.041321164,
Lneg_g00837,274.1942003,-0.387910694,0.112355653,11.59253388,0.000662171,0.004733497,
Lneg_g09737,392.9908915,-0.38751545,0.103794173,13.48000484,0.000241119,0.002148374,
Lneg_g06758,296.5223453,-0.387406749,0.114106158,11.26510958,0.000789775,0.005475706,
Lneg_g01182,1259.600602,-0.38726715,0.135187132,8.09856517,0.004430031,0.021418981,
Lneg_g09170,337.4623858,-0.386813881,0.146767309,6.802084522,0.009105151,0.037768194,
Lneg_g10893,902.8602083,-0.38664378,0.143145101,7.111122475,0.007660713,0.033112031,
Lneg_g04281,181.9394602,-0.386055691,0.123118287,9.757697819,0.001785734,0.010527582,
Lneg_g06971,976.1176126,-0.384975839,0.132281684,8.136362957,0.004338622,0.021074445,
Lneg_g04923,4996.77113,-0.384570585,0.093770041,16.69630725,4.38663E-05,0.000543532,
Lneg_g04291,302.5467131,-0.384019008,0.119811849,10.10794952,0.001476311,0.009063172,
Lneg_g00737,190.9198032,-0.382455234,0.144414947,6.749463415,0.009377588,0.038626038,
Lneg_g07067,502.1280933,-0.382352896,0.132897613,7.993145915,0.004695476,0.022467873,
Lneg_g10993,218.5185508,-0.381684818,0.112717931,11.30854544,0.000771512,0.005387869,
Lneg_g06962,1394.533091,-0.381154921,0.143711288,6.883417779,0.008699905,0.036487248,
Lneg_g12824,546.3686538,-0.381092098,0.134899071,7.696426233,0.005533027,0.025541128,
Lneg_g05172,4367.017029,-0.379969936,0.130883099,8.205318248,0.004176778,0.020457138,
Lneg_g03142,463.4080054,-0.379943068,0.139944945,7.264852159,0.007031706,0.030923159,
Lneg_g08794,432.18528,-0.379656424,0.106971264,12.25158597,0.000464863,0.003570809,
Lneg_g12942,154.6289966,-0.379645946,0.120989609,9.590474723,0.001955894,0.011255154,
Lneg_g12205,387.8193187,-0.379145483,0.117809634,9.872725226,0.001677469,0.01000062,
Lneg_g09631,1425.870153,-0.378658536,0.084440176,19.86811397,8.29728E-06,0.000142235,
Lneg_g16622,501.7690912,-0.378130776,0.1441935,6.716628345,0.009551804,0.039085287,
Lneg_g09230,479.9085159,-0.376939139,0.112523099,10.80585159,0.001011798,0.006624836,
Lneg_g12073,914.9839725,-0.375765851,0.068538577,29.45737151,5.71602E-08,2.56591E-06,
Lneg_g14142,344.0190734,-0.375272085,0.130098363,8.139876804,0.004330223,0.021043293,
Lneg_g15849,2720.730879,-0.37423957,0.112512896,10.98594384,0.000918055,0.006143952,
Lneg_g05127,475.1838029,-0.373832981,0.116957579,9.81342583,0.001732425,0.010260887,
Lneg_g15400,695.7294884,-0.373731361,0.135274042,7.430349414,0.006413289,0.028704006,
Lneg_g12055,1346.47869,-0.373613893,0.12007633,9.433510905,0.00213056,0.012005933,
Lneg_g01711,246.2303621,-0.372793316,0.127154281,8.333524177,0.003892008,0.019403264,
Lneg_g11937,617.2279371,-0.372645392,0.119326784,9.676177468,0.001866726,0.010901927,
Lneg_g15072,559.1766539,-0.372563305,0.110474798,11.03076231,0.000896123,0.006034672,
Lneg_g16507,847.8864802,-0.372405126,0.138868854,7.020064339,0.008060133,0.034387333,
Lneg_g04436,633.6971447,-0.371951341,0.143229448,6.721735871,0.009524488,0.039002642,
Lneg_g08757,548.609492,-0.371782673,0.121798385,9.170182596,0.0024599,0.013400214,
Lneg_g00601,456.9355063,-0.371607529,0.141192081,6.754612647,0.009350564,0.038559704,
Lneg_g14706,658.4550669,-0.371127301,0.109089342,11.14450321,0.00084281,0.005771644,
Lneg_g11035,409.4340208,-0.370477998,0.142787113,6.496374077,0.010809472,0.04327874,
Lneg_g11215,539.4193374,-0.369145821,0.087811745,17.48842424,2.89062E-05,0.000390603,
Lneg_g06272,992.4980948,-0.368620899,0.081942381,19.85602355,8.34992E-06,0.000142676,
Lneg_g12760,2614.4719,-0.36821101,0.133907809,7.560169275,0.005967239,0.027038891,
Lneg_g05513,465.5497093,-0.367881155,0.133938959,7.595431907,0.005851638,0.026651869,
Lneg_g11692,465.5020354,-0.367713656,0.141239757,6.599021954,0.01020348,0.041289407,
Lneg_g15207,1122.603124,-0.36764835,0.099406571,13.35598881,0.000257599,0.00225317,
Lneg_g14019,293.1255461,-0.366909393,0.136325176,6.967303479,0.00830125,0.035121023,
Lneg_g17037,306.0310443,-0.366874424,0.118520698,9.198184904,0.002422552,0.013263317,
Lneg_g00026,982.416336,-0.366535209,0.126604063,8.03781097,0.004581086,0.022007535,
Lneg_g05537,824.2932928,-0.366139647,0.099437799,13.32403713,0.000262025,0.00228281,
Lneg_g06866,383.4863671,-0.365811051,0.128805156,7.833948491,0.005127397,0.024059951,
Lneg_g06916,128.9694575,-0.365807386,0.136605554,7.035614879,0.007990444,0.03416092,
Lneg_g13297,3471.634386,-0.365153566,0.132700515,7.483799095,0.006225658,0.027970575,
Lneg_g08760,635.2047611,-0.364692963,0.101227637,12.76572883,0.000353028,0.002883561,
Lneg_g13863,1312.084709,-0.364652037,0.144280149,6.184999803,0.012883772,0.049814116,
Lneg_g11912,694.9790973,-0.363698571,0.133456876,7.158541326,0.007460785,0.032419832,
Lneg_g05249,804.5159363,-0.36344545,0.105257456,11.62396157,0.000651076,0.004673101,
Lneg_g13860,516.3184729,-0.362383562,0.135638434,6.949418553,0.008384648,0.035417244,
Lneg_g03429,213.5618168,-0.360940394,0.127130718,7.919950001,0.004889262,0.023145822,
Lneg_g12443,979.2882278,-0.360597508,0.069617612,26.39836212,2.77776E-07,8.93327E-06,
Lneg_g12329,430.0740309,-0.360579617,0.130827019,7.370835339,0.006629013,0.029420933,
Lneg_g07688,9430.141879,-0.360384251,0.133826602,7.157732551,0.007464149,0.032421156,
Lneg_g13110,458.6703358,-0.359624071,0.135727386,6.836687354,0.008930429,0.037174448,
Lneg_g06966,674.5844605,-0.358763739,0.10688965,11.11748072,0.000855179,0.005826214,
Lneg_g13677,326.4819878,-0.358743669,0.129176176,7.534938934,0.006051379,0.027373317,
Lneg_g05125,2400.343076,-0.358225511,0.099915783,12.44382548,0.000419376,0.003293453,
Lneg_g04511,426.5447956,-0.357928079,0.10491908,11.17952184,0.000827051,0.005678403,
Lneg_g02133,1549.681249,-0.357799025,0.12136866,8.650377784,0.003269935,0.016800047,
Lneg_g04031,139.1760086,-0.357346146,0.129829309,7.496509777,0.006181868,0.027844691,
Lneg_g15265,1428.464467,-0.35697972,0.125772645,7.901169526,0.004940285,0.023323251,
Lneg_g11009,844.454031,-0.354723955,0.104994085,11.13221477,0.000848412,0.005795022,
Lneg_g02090,170.9622998,-0.35463408,0.126875498,7.511175921,0.006131733,0.027665918,
Lneg_g03636,828.8016572,-0.35415938,0.136118753,6.533661048,0.010585187,0.042497815,
Lneg_g01731,637.9898522,-0.353821089,0.132577745,7.01945464,0.008062878,0.034387333,
Lneg_g03756,1076.431475,-0.353560165,0.114713225,9.270666784,0.002328529,0.012861542,
Lneg_g02574,510.8650818,-0.352815472,0.123364246,8.122637919,0.00437159,0.021195711,
Lneg_g12207,3281.293017,-0.351553411,0.137976407,6.436781591,0.011178099,0.044462022,
Lneg_g03034,430.9403209,-0.351511507,0.119076665,8.595749972,0.003369484,0.017226447,
Lneg_g08704,614.211771,-0.351387022,0.122107091,7.937790161,0.004841292,0.022986155,
Lneg_g06928,2439.739986,-0.35100575,0.128756235,7.302330667,0.006886523,0.030376129,
Lneg_g03934,752.6218461,-0.350475219,0.096666779,12.95219394,0.000319547,0.002673996,
Lneg_g11804,802.6670154,-0.350252828,0.137845568,6.383442518,0.011518979,0.045551351,
Lneg_g10286,323.4471623,-0.349435242,0.094842022,13.39496645,0.0002523,0.002219993,
Lneg_g04765,512.8103509,-0.349193225,0.133421115,6.590595775,0.010251886,0.041374658,
Lneg_g12146,1393.476744,-0.349005391,0.131129772,7.119077912,0.007626792,0.033026369,
Lneg_g07168,816.0882674,-0.348223147,0.0863009,16.17658901,5.77029E-05,0.000679982,
Lneg_g14264,1653.089331,-0.348026997,0.115457444,8.885004824,0.002875223,0.01510308,
Lneg_g00087,760.7933108,-0.347966649,0.108933366,10.04128413,0.001530705,0.009320948,
Lneg_g03798,1324.156046,-0.347475364,0.08960591,14.78171508,0.0001207,0.001232437,
Lneg_g02755,731.6779408,-0.346186792,0.137821906,6.298322049,0.012085231,0.047363901,
Lneg_g06776,954.8102588,-0.346060831,0.128603945,7.068843989,0.007843585,0.03374588,
Lneg_g07370,802.536333,-0.345981271,0.113597191,9.194357738,0.002427623,0.013277353,
Lneg_g03915,725.512927,-0.345328545,0.082265616,17.57278461,2.76518E-05,0.000377991,
Lneg_g04011,1177.945682,-0.345108311,0.080651892,18.18076574,2.00898E-05,0.000293155,
Lneg_g02304,796.8647291,-0.344883262,0.127030235,7.250089576,0.007089748,0.031126724,
Lneg_g06390,1086.852642,-0.344838237,0.098073045,12.28181558,0.000457393,0.003526977,
Lneg_g10892,1122.686049,-0.344266802,0.093747446,13.37493558,0.000255009,0.00223926,
Lneg_g02481,674.179412,-0.343858194,0.133431365,6.60864145,0.010148506,0.041098344,
Lneg_g08369,249.9646821,-0.343408706,0.133665888,6.402638731,0.011395087,0.045162573,
Lneg_g05114,764.3056802,-0.343003163,0.098139396,12.08137064,0.000509281,0.003840091,
Lneg_g15672,1742.864688,-0.342789879,0.13645473,6.277289995,0.012229498,0.047790225,
Lneg_g04934,509.6514297,-0.342180102,0.092228145,13.48233463,0.00024082,0.002147514,
Lneg_g08318,4273.519974,-0.341406351,0.111850429,9.266735572,0.002333532,0.012882461,
Lneg_g06935,700.2939443,-0.340896039,0.104803866,10.4262734,0.001242352,0.007848225,
Lneg_g03244,2641.389332,-0.34084707,0.115701428,8.625495724,0.003314902,0.016989876,
Lneg_g07396,426.0879946,-0.340819498,0.126450051,7.117783754,0.0076323,0.03302965,
Lneg_g12732,322.5682299,-0.34032682,0.121459868,7.84930454,0.005084026,0.023895374,
Lneg_g14502,598.3448384,-0.339753091,0.116548975,8.253364136,0.004067655,0.020108602,
Lneg_g03859,369.9109987,-0.338518194,0.130158648,6.638376147,0.009980487,0.040604177,
Lneg_g12408,1189.633208,-0.338236425,0.103523303,10.42947122,0.001240202,0.007839323,
Lneg_g07154,2071.325434,-0.336344129,0.113824246,8.574550923,0.00340894,0.017371002,
Lneg_g14245,311.3477295,-0.335901008,0.116453105,8.162927113,0.004275531,0.020834856,
Lneg_g09065,267.8309017,-0.335044306,0.131610567,6.343268452,0.011782757,0.04643844,
Lneg_g03525,328.2201225,-0.334287185,0.107918181,9.630399257,0.00191383,0.011085355,
Lneg_g03245,353.7162125,-0.334214196,0.127324712,6.788892303,0.009172681,0.038003668,
Lneg_g10932,735.697382,-0.334049195,0.07142456,21.61414346,3.33384E-06,6.72738E-05,
Lneg_g01692,673.2549588,-0.333205212,0.108823202,9.152357129,0.002483979,0.013501935,
Lneg_g13018,397.2856332,-0.333116866,0.107742518,9.24816784,0.002357312,0.012979916,
Lneg_g01937,706.975242,-0.332329607,0.115351261,8.093651259,0.004442058,0.021458807,
Lneg_g16892,418.8819576,-0.331569195,0.101031576,10.5281591,0.001175693,0.00748965,
Lneg_g12225,987.3453372,-0.33098922,0.118845232,7.692562507,0.005544884,0.025584715,
Lneg_g01934,736.1138732,-0.330769376,0.087723728,14.17657003,0.00016643,0.00158131,
Lneg_g04381,447.2141187,-0.33005821,0.123543725,7.006623204,0.008120871,0.034509357,
Lneg_g14715,389.6352612,-0.327822628,0.116469137,7.803370102,0.005214888,0.024402176,
Lneg_g06615,1538.347504,-0.327736396,0.111179906,8.413124911,0.003725218,0.018703772,
Lneg_g05558,745.3806377,-0.327656389,0.124363678,6.57262311,0.010355921,0.041715067,
Lneg_g16122,296.3509703,-0.327424775,0.118904625,7.641816553,0.005703045,0.026189018,
Lneg_g03719,510.1608417,-0.326600246,0.079378627,16.69787263,4.38301E-05,0.000543532,
Lneg_g00233,441.3586499,-0.326600054,0.116997072,7.744256243,0.005388365,0.02503699,
Lneg_g14181,294.2920435,-0.325254386,0.121238738,7.066444055,0.007854098,0.03374588,
Lneg_g02439,602.4683892,-0.324346834,0.093370034,12.00781597,0.000529779,0.003962762,
Lneg_g05326,494.5195332,-0.323894993,0.092890724,11.84023433,0.000579645,0.004258504,
Lneg_g04136,1645.792832,-0.32377467,0.069512314,21.5252266,3.49205E-06,6.94085E-05,
Lneg_g07070,638.5577321,-0.322801628,0.124119247,6.636157081,0.009992927,0.040623586,
Lneg_g12359,546.4105931,-0.322750766,0.12038511,7.042201699,0.007961111,0.03407677,
Lneg_g01416,886.7086306,-0.321781514,0.11814799,7.063849605,0.00786548,0.03377661,
Lneg_g00720,1071.279494,-0.321487476,0.114163264,7.819056312,0.005169818,0.024223377,
Lneg_g08558,505.68217,-0.321375199,0.116367401,7.399653977,0.006523642,0.02907649,
Lneg_g13104,515.5885893,-0.32087439,0.086677752,13.508046,0.000237543,0.002127431,
Lneg_g12720,440.7577998,-0.320705162,0.121801256,6.791114298,0.009161271,0.037971245,
Lneg_g00985,406.6248682,-0.320505388,0.111883612,8.147720262,0.004311533,0.020971708,
Lneg_g15621,12644.26154,-0.320006606,0.098336985,10.39874906,0.001261007,0.007951851,
Lneg_g12275,1096.155585,-0.318920466,0.125148664,6.405976487,0.011373686,0.04511728,
Lneg_g12825,891.5893867,-0.318204092,0.114078003,7.570954394,0.005931637,0.026946723,
Lneg_g15938,817.305573,-0.318170374,0.105898699,8.907712708,0.002839687,0.014966988,
Lneg_g09073,679.0202043,-0.318081442,0.099036639,10.26864284,0.001353103,0.00843222,
Lneg_g04651,343.2814451,-0.31796364,0.1227965,6.607308735,0.010156104,0.041113399,
Lneg_g06901,346.1164669,-0.316727085,0.100772288,9.575945046,0.001971433,0.011307775,
Lneg_g09733,743.4147477,-0.316718469,0.104275707,8.964068706,0.00275341,0.01463182,
Lneg_g13465,499.4357273,-0.316458607,0.123543861,6.351294861,0.011729565,0.046263222,
Lneg_g17016,1480.084969,-0.316089831,0.123548161,6.496624949,0.010807947,0.04327874,
Lneg_g10631,1527.452125,-0.315799575,0.09225596,11.59691544,0.000660613,0.004728739,
Lneg_g08086,2034.894834,-0.314779629,0.11087578,7.916918533,0.004897462,0.023166552,
Lneg_g17034,2820.638698,-0.312435802,0.102717274,9.191826781,0.002430982,0.013288864,
Lneg_g10433,702.9422767,-0.311832082,0.094964398,10.66076648,0.00109432,0.007047556,
Lneg_g08108,1003.048819,-0.311607941,0.110924844,7.720868074,0.005458614,0.025303625,
Lneg_g09353,120.9926324,-0.310590213,0.122473285,6.331696829,0.011859879,0.046690286,
Lneg_g09720,520.7286712,-0.309552462,0.107394523,8.174398334,0.004248576,0.020751228,
Lneg_g14805,307.9905811,-0.309342127,0.097959797,9.890132466,0.001661674,0.009945636,
Lneg_g14714,2356.006825,-0.308987497,0.102584943,8.957394615,0.002763487,0.014667527,
Lneg_g00366,1733.978042,-0.308836473,0.097799242,9.922024597,0.001633126,0.009830307,
Lneg_g00874,3784.617345,-0.307918166,0.107571097,8.043501091,0.004566719,0.021990827,
Lneg_g04041,633.4888581,-0.307503175,0.108843583,7.791678553,0.005248741,0.02454974,
Lneg_g07461,676.1514191,-0.307436579,0.100969591,9.217476013,0.002397158,0.013151471,
Lneg_g05461,428.1454993,-0.307199457,0.111924704,7.410646621,0.006483902,0.028971089,
Lneg_g06892,2525.877433,-0.305417084,0.113127957,7.07386701,0.007821626,0.033697564,
Lneg_g00268,520.9893349,-0.304962976,0.109493809,7.604078532,0.005823642,0.026558615,
Lneg_g12709,5805.778355,-0.303777986,0.099860001,9.055815474,0.002618606,0.014110636,
Lneg_g12460,332.2715545,-0.303630818,0.115138968,6.69042843,0.009693191,0.039617926,
Lneg_g08928,188.4908333,-0.303067088,0.109240246,7.587504933,0.005877424,0.026757812,
Lneg_g06794,3137.296727,-0.302692646,0.120374726,6.229020232,0.012567325,0.048804342,
Lneg_g09171,342.1550123,-0.302463453,0.105849685,8.037191796,0.004582653,0.022007535,
Lneg_g03428,439.4570726,-0.302178614,0.09652843,9.659365751,0.001883887,0.010971904,
Lneg_g05921,651.4294172,-0.301234353,0.101986468,8.751475495,0.003093517,0.016049322,
Lneg_g15895,337.0478599,-0.300733819,0.111396525,7.155013736,0.007475472,0.032430448,
Lneg_g10767,521.5008413,-0.300719687,0.106228385,7.983876166,0.004719578,0.022562822,
Lneg_g04183,735.493787,-0.298999312,0.10564043,7.951029994,0.004806002,0.022883048,
Lneg_g07121,1317.611232,-0.298638724,0.106920114,7.714745713,0.005477157,0.025360579,
Lneg_g11088,304.6092031,-0.298417582,0.095708718,9.63387907,0.001910207,0.011073065,
Lneg_g12787,685.7722906,-0.297553437,0.093912723,9.790444148,0.001754211,0.010359036,
Lneg_g12542,466.6602975,-0.294606709,0.105786568,7.827679433,0.005145212,0.024118748,
Lneg_g12465,1406.089964,-0.29189429,0.099298165,8.357332285,0.003841341,0.019177741,
Lneg_g04110,652.4338055,-0.291586703,0.094148206,9.499251479,0.002055557,0.011682712,
Lneg_g12452,1176.583248,-0.29108409,0.092492081,9.798791368,0.001746266,0.010317871,
Lneg_g11445,441.4232155,-0.291055033,0.099083135,8.399491762,0.003753259,0.018817808,
Lneg_g00197,1164.595922,-0.289327809,0.105595168,7.26304205,0.007038796,0.030941497,
Lneg_g15940,744.0884063,-0.288919395,0.093907247,9.313407989,0.00227483,0.012670633,
Lneg_g08027,405.1633796,-0.288692245,0.107059002,7.245101592,0.007109469,0.03117685,
Lneg_g13456,320.5587551,-0.287139209,0.103477298,7.555622601,0.005982313,0.027095605,
Lneg_g16336,752.7388753,-0.285878431,0.079258966,12.82071357,0.000342803,0.00281742,
Lneg_g10918,294.6692988,-0.283110014,0.109873866,6.368881097,0.01161388,0.045858161,
Lneg_g02940,4872.740645,-0.282858978,0.100224842,7.938204363,0.004840184,0.022986155,
Lneg_g11179,962.2412792,-0.28243696,0.084397183,11.12107391,0.000853524,0.00581868,
Lneg_g04834,1402.638847,-0.28180799,0.078139889,12.80175084,0.000346295,0.002839513,
Lneg_g03914,1092.435789,-0.281132379,0.084432339,10.91315845,0.000954836,0.00633012,
Lneg_g04911,2247.35337,-0.280580764,0.101314673,7.633390227,0.00572975,0.026266107,
Lneg_g13768,1292.087222,-0.279723054,0.093396413,8.839012546,0.002948586,0.01543346,
Lneg_g15314,732.2630025,-0.279129442,0.098711834,7.861925628,0.00504866,0.023760773,
Lneg_g06103,4244.011938,-0.277866392,0.100900734,7.585899493,0.00588266,0.026770148,
Lneg_g08332,608.6071461,-0.277503694,0.067380867,16.88473761,3.97197E-05,0.00050437,
Lneg_g10549,201.8960298,-0.27666096,0.10310191,7.067886266,0.007847779,0.03374588,
Lneg_g14710,1170.967773,-0.272602124,0.076280549,12.70051471,0.000365555,0.002958969,
Lneg_g09708,413.865755,-0.27149505,0.098834251,7.425856987,0.00642932,0.028751462,
Lneg_g10221,611.5847364,-0.270923462,0.092949243,8.220144884,0.004142789,0.02036599,
Lneg_g15177,1923.769839,-0.270370388,0.104162683,6.642517443,0.009957313,0.040533478,
Lneg_g04926,1019.09785,-0.270227967,0.092627018,8.337304308,0.003883918,0.019372049,
Lneg_g04994,197.2112435,-0.268055556,0.105455961,6.436505809,0.011179834,0.044462022,
Lneg_g03532,1500.771154,-0.265883672,0.102534512,6.706786972,0.009604663,0.039286409,
Lneg_g07083,187.765178,-0.264840264,0.091482508,8.251325641,0.004072225,0.020112426,
Lneg_g10000,552.7853208,-0.264673845,0.100009697,6.980514245,0.008240193,0.034946598,
Lneg_g15465,446.0973372,-0.263773006,0.099978378,6.780985398,0.009213401,0.038127646,
Lneg_g06718,1021.46964,-0.262547719,0.094289998,7.583500726,0.005890493,0.02679195,
Lneg_g02085,577.2775641,-0.261748181,0.100531357,6.658038318,0.009870952,0.040235808,
Lneg_g12854,1389.322604,-0.260054353,0.091406195,7.944454764,0.004823495,0.022934738,
Lneg_g05505,415.836081,-0.258909057,0.101028858,6.487884696,0.010861214,0.04343499,
Lneg_g05929,1398.543925,-0.258646357,0.072904322,12.35894361,0.000438879,0.003408712,
Lneg_g13262,779.264914,-0.25854285,0.075187868,11.76192905,0.000604545,0.004395713,
Lneg_g16209,1654.681356,-0.254022535,0.092067107,7.562167191,0.005960627,0.027032831,
Lneg_g12160,388.8878257,-0.251551451,0.091825088,7.486026509,0.006217961,0.027967524,
Lneg_g03628,2074.431901,-0.251125203,0.087034076,8.245847152,0.004084534,0.020145044,
Lneg_g03099,2027.822278,-0.246424499,0.098386951,6.268264843,0.012291946,0.047943974,
Lneg_g06006,1175.062565,-0.243343862,0.067370352,12.93630928,0.00032227,0.002684061,
Lneg_g11825,429.9169998,-0.239646895,0.093829111,6.412182189,0.011334004,0.0449878,
Lneg_g04631,1153.536238,-0.239508896,0.079267659,9.022724735,0.002666436,0.01426678,
Lneg_g15452,2489.611192,-0.236552454,0.085796334,7.520131657,0.006101322,0.027566454,
Lneg_g04639,981.3056828,-0.233730456,0.069637846,11.12461902,0.000851894,0.005811309,
Lneg_g14509,925.5547186,-0.232776781,0.069013191,11.2361881,0.000802177,0.00553994,
Lneg_g13204,1336.120329,-0.231884064,0.090407856,6.467882926,0.01098413,0.043828956,
Lneg_g02641,641.5194637,-0.229453983,0.084871078,7.176235936,0.007387554,0.032154373,
Lneg_g04426,1155.889233,-0.225975427,0.089993717,6.302090049,0.01205957,0.047283157,
Lneg_g00491,860.1405279,-0.217877857,0.086550966,6.245441664,0.012451333,0.048371625,
Lneg_g16655,3864.054486,-0.207873503,0.081502466,6.488583096,0.010856948,0.04343499,
Lneg_g14939,1071.947102,-0.203772079,0.067608852,9.037379868,0.002645145,0.014203073,
Lneg_g02915,1037.836744,-0.198235249,0.070514185,7.943696114,0.004825517,0.022934738,
