Gene Name,baseMean,log2FoldChange,lfcSE,stat,pvalue,padj,
Lneg_g13769,1974.932092,5.76312668,0.621641283,57.3573436,3.63404E-14,1.42589E-11,defensin-like [Temnothorax curvispinosus]
Lneg_g07579,2821.167944,5.747699203,0.610344165,62.19713141,3.1074E-15,1.82888E-12,fatty acid synthase [Solenopsis invicta]
Lneg_g15688,51.31634554,5.44228297,0.488861884,109.715582,1.13109E-25,5.9914E-22,glucose dehydrogenase [Lasius niger]
Lneg_g14855,289.1287631,5.214210899,0.396761905,129.3384525,5.71864E-30,6.05833E-26,uncharacterized protein LOC105194944 [Solenopsis invicta]
Lneg_g11407,44.82208284,4.992563922,0.661703589,43.65855436,3.90964E-11,5.44984E-09,uncharacterized protein LOC112465231 [Temnothorax curvispinosus]
Lneg_g06582,13.94899998,4.945659819,0.63998957,57.91570348,2.73594E-14,1.11479E-11,uncharacterized protein LOC105199890 [Solenopsis invicta]
Lneg_g02455,1287.611968,4.172945956,0.386207989,92.19365773,7.85963E-22,2.7755E-18,angiotensin-converting enzyme [Solenopsis invicta]
Lneg_g09339,10.19574525,4.088290228,0.767454921,25.42641501,4.59582E-07,1.34498E-05,hypothetical protein RF55_3517 [Lasius niger]
Lneg_g14927,49.73115245,4.0383392,0.503024011,55.834372,7.8841E-14,2.78414E-11,PREDICTED: uncharacterized protein LOC105148270 [Acromyrmex echinatior]
Lneg_g09567,92.52595897,3.985979982,0.870148899,14.71312647,0.000125172,0.0012589,venom allergen 2 [Solenopsis invicta]
Lneg_g15336,1292.445292,3.907011606,0.488484327,47.01053733,7.06061E-12,1.16875E-09,"short/branched chain specific acyl-CoA dehydrogenase, mitochondrial [Ooceraea biroi]"
Lneg_g04505,35.09453446,3.854560889,0.561883858,41.54786385,1.1502E-10,1.45062E-08,PREDICTED: peroxisomal hydratase-dehydrogenase-epimerase-like [Atta colombica]
Lneg_g10909,153.5580194,3.735243143,0.758398175,18.49018203,1.70782E-05,0.000258097,uncharacterized protein LOC105199243 [Solenopsis invicta]
Lneg_g10639,33.93989517,3.648299028,0.557171263,32.64230391,1.10777E-08,6.39553E-07,G-protein coupled receptor Mth2 [Ooceraea biroi]
Lneg_g07388,20.57076769,3.632612965,0.748595273,17.69742255,2.58977E-05,0.000360066,PREDICTED: LOW QUALITY PROTEIN: G-protein coupled receptor Mth2-like [Linepithema humile]
Lneg_g08059,5.617699859,3.629296897,0.733951078,22.65823812,1.93529E-06,4.24481E-05,
Lneg_g05256,38.34572578,3.624208137,0.670132606,25.2654249,4.99584E-07,1.43821E-05,
Lneg_g16666,124.8542223,3.533549339,0.532372539,35.2042117,2.96881E-09,2.15422E-07,
Lneg_g08239,103.7141479,3.453554639,0.476208044,44.25311754,2.88545E-11,4.07579E-09,
Lneg_g05463,65.21539786,3.421191541,0.585090445,28.81079151,7.98052E-08,3.22693E-06,
Lneg_g15715,1089.411542,3.371129453,0.378463782,68.25244873,1.43848E-16,1.69325E-13,
Lneg_g07602,544.7913547,3.352796737,0.70039703,14.20773596,0.000163696,0.00155673,
Lneg_g16402,10289.87785,3.351323033,0.38643998,64.61319213,9.11431E-16,7.42746E-13,
Lneg_g16574,5.046976937,3.280366126,0.979741125,9.383010473,0.002190056,0.012295418,
Lneg_g06614,7.772563654,3.213010193,0.932021765,9.862901573,0.001686449,0.010042857,
Lneg_g01358,1611.710228,3.194055242,0.659812959,19.49200061,1.01022E-05,0.000168274,
Lneg_g11767,1640.803844,3.04519018,0.378198978,54.09842699,1.90694E-13,5.31634E-11,
Lneg_g08634,1625.897964,2.989589207,0.360059293,60.52120935,7.279E-15,3.50517E-12,
Lneg_g05464,39.36748989,2.956688426,0.859066876,8.191731831,0.004208173,0.020582358,
Lneg_g02991,35.27566483,2.947318838,0.730687742,12.21677475,0.000473617,0.003620132,
Lneg_g05873,116.8841536,2.830125595,0.553197222,23.17068183,1.4824E-06,3.42148E-05,
Lneg_g11044,1721.278069,2.794936388,0.308520082,74.36945733,6.47836E-18,1.14386E-14,
Lneg_g11135,109.9591111,2.759114194,0.378166618,49.23694373,2.26838E-12,5.00651E-10,
Lneg_g01481,105.7797962,2.731160829,0.837489058,6.900467445,0.008617322,0.036173021,
Lneg_g03746,44.97847853,2.726773313,0.43276915,36.58428221,1.46206E-09,1.25927E-07,
Lneg_g16637,599.4448278,2.72098454,0.332715017,61.16747167,5.24205E-15,2.77671E-12,
Lneg_g07356,3.302300691,2.720482024,0.853037245,9.811454426,0.001734283,0.010264242,
Lneg_g04149,15.27324482,2.718054048,0.566081849,18.83177453,1.42769E-05,0.000224405,
Lneg_g03223,1820.821846,2.708190905,0.676690193,12.1413351,0.000493165,0.003745223,
Lneg_g06052,205.3173383,2.705823438,0.440567017,34.76235305,3.72508E-09,2.56256E-07,
Lneg_g16466,268.9363642,2.682958082,0.351583257,53.26198097,2.91902E-13,7.54245E-11,
Lneg_g11464,14.83685573,2.681547487,0.640905725,11.89923155,0.000561571,0.004160105,
Lneg_g12350,154.5129558,2.655825446,0.475331902,25.40296649,4.65202E-07,1.35394E-05,
Lneg_g05257,441.3330449,2.640636262,0.342683991,53.14273213,3.10171E-13,7.82369E-11,
Lneg_g13158,1143.215047,2.633230391,0.310065815,66.26864017,3.93469E-16,3.78947E-13,
Lneg_g16285,12.88143015,2.60683954,0.580572121,17.7715133,2.49085E-05,0.000349505,
Lneg_g03801,2130.372977,2.599428033,0.272475136,77.62936798,1.24308E-18,2.63384E-15,
Lneg_g09613,88.78465087,2.598819402,0.661529528,12.06430929,0.000513963,0.003867137,
Lneg_g08058,33.16757607,2.593463779,0.438411715,33.15243123,8.52098E-09,5.04309E-07,
Lneg_g09466,1871.857672,2.584566394,0.431723869,31.17353407,2.35961E-08,1.19606E-06,
LnegOR60,4.443107923,2.570284525,0.872918078,7.909785686,0.004916809,0.023222773,
Lneg_g11896,8.014963761,2.53494043,0.884325608,6.59446738,0.010229615,0.041328299,
Lneg_g11084,1733.41452,2.500769597,0.388662836,34.62823953,3.99075E-09,2.71013E-07,
Lneg_g09385,61.83598889,2.487361625,0.288059499,71.47370264,2.80978E-17,4.2524E-14,
Lneg_g06012,874.6910465,2.471643818,0.318014931,53.34446538,2.79899E-13,7.41312E-11,
Lneg_g14479,294.166188,2.456085128,0.38574769,35.25049085,2.89909E-09,2.13284E-07,
Lneg_g13686,351.0986575,2.447790258,0.401527926,31.17759692,2.35468E-08,1.19606E-06,
Lneg_g11307,685.8414431,2.436280687,0.323160619,50.07381548,1.4807E-12,3.41011E-10,
Lneg_g00607,28047.50409,2.432662416,0.419006788,28.90410892,7.60514E-08,3.13498E-06,
Lneg_g08375,127.0840516,2.423568234,0.392841698,35.92975253,2.04561E-09,1.61725E-07,
Lneg_g15421,15023.0108,2.395703836,0.412476687,30.41418236,3.48967E-08,1.68044E-06,
Lneg_g11799,1765.599768,2.392876952,0.300497207,56.33525946,6.11097E-14,2.2324E-11,
Lneg_g13629,44.1465099,2.3368397,0.803762023,7.312125729,0.006849086,0.030270845,
Lneg_g03894,370.6810309,2.334879713,0.30706685,54.51656905,1.54143E-13,4.56631E-11,
Lneg_g04478,3784.282743,2.328972325,0.47674945,17.0497561,3.64131E-05,0.00047183,
Lneg_g10275,5.778341212,2.314206374,0.855896141,7.069019629,0.007842816,0.03374588,
Lneg_FASg177,137.1936342,2.312447052,0.32391111,48.341534,3.58087E-12,6.8974E-10,
Lneg_g01646,7.373802788,2.310810302,0.82270361,6.371406236,0.011597366,0.045810027,
Lneg_g00048,2378.214665,2.307388769,0.339375371,41.94907045,9.36819E-11,1.20675E-08,
Lneg_g13942,388.6868343,2.301416264,0.364181375,36.67623939,1.39469E-09,1.21109E-07,
Lneg_g08463,159.6126617,2.268752449,0.314271127,48.80515679,2.82696E-12,5.75938E-10,
Lneg_g00749,1864.564421,2.253649619,0.496417552,18.25114207,1.9361E-05,0.000284875,
Lneg_g11943,18.0350995,2.251802983,0.476441517,20.1445719,7.18037E-06,0.000126151,
Lneg_g09143,865.5135293,2.249968637,0.493805206,18.9503979,1.34161E-05,0.000213409,
Lneg_g07131,393.5359452,2.239877881,0.356940337,37.50787813,9.10445E-10,8.38718E-08,
Lneg_FASg062,11.68870151,2.223139226,0.389744903,32.42332413,1.23989E-08,6.98693E-07,
Lneg_g16455,5.417014289,2.206993545,0.76907007,6.366723584,0.011628009,0.045896845,
Lneg_g06829,219.0391283,2.193283605,0.449998539,20.65622784,5.49581E-06,0.000101257,
Lneg_g09612,8397.208873,2.185509393,0.667960769,9.328362052,0.00225634,0.0126184,
Lneg_g08709,3004.352558,2.177872622,0.722544455,7.243037222,0.007117648,0.031197501,
Lneg_g13227,20.56407479,2.162281498,0.470185913,19.08721076,1.24879E-05,0.000199844,
Lneg_g08992,2647.902051,2.155713841,0.254242696,62.28440663,2.9727E-15,1.82888E-12,
Lneg_g07895,18.15357057,2.142781956,0.567018842,11.66398936,0.000637215,0.004592286,
Lneg_g07492,5.797424363,2.140689379,0.625503878,9.76078413,0.001782739,0.010515775,
Lneg_g05381,2309.356151,2.137560498,0.257933901,65.99576941,4.51892E-16,3.98945E-13,
Lneg_g10976,6.352916883,2.127941124,0.740738695,6.262285695,0.012333498,0.048001865,
Lneg_g13492,583.1362439,2.123159821,0.408799985,25.87080818,3.65048E-07,1.1018E-05,
Lneg_g08825,156.4333139,2.122533442,0.460646713,20.27047116,6.72302E-06,0.000119704,
Lneg_g01052,30.78077361,2.121082288,0.356036998,33.8723652,5.88487E-09,3.68901E-07,
Lneg_g16403,721.9686629,2.103969368,0.317037147,41.38374093,1.25094E-10,1.52327E-08,
Lneg_g04499,1450.292943,2.098565468,0.484819399,15.58391502,7.89231E-05,0.000871858,
Lneg_g08647,200.5409086,2.095261131,0.378262225,26.51327799,2.61733E-07,8.638E-06,
Lneg_g01119,368.4070078,2.083314107,0.310481157,39.44727715,3.37037E-10,3.53522E-08,
Lneg_g10353,3458.283634,2.062231677,0.224919418,79.01580699,6.1615E-19,1.63187E-15,
Lneg_g14280,440.1272206,2.060187996,0.385894845,27.18785982,1.84614E-07,6.5852E-06,
Lneg_g13744,74.88908281,2.051783179,0.415142668,21.19225268,4.1544E-06,7.94436E-05,
Lneg_g10026,32.30432975,2.044316041,0.364695584,29.35336655,6.03116E-08,2.64025E-06,
Lneg_g00098,14.7490379,2.044262259,0.40543296,25.02343965,5.66376E-07,1.58735E-05,
Lneg_g05773,4258.044148,2.021100466,0.381679541,26.22312162,3.04159E-07,9.61868E-06,
Lneg_g04482,49.41111959,2.014506769,0.329651449,35.9683907,2.00545E-09,1.59742E-07,
Lneg_g13660,9.776004804,2.00117549,0.705014589,6.830071164,0.008963569,0.037293488,
Lneg_g11884,381.5364302,1.994829455,0.393312212,23.48775172,1.25712E-06,3.00629E-05,
Lneg_g08805,2190.717615,1.985885049,0.2324299,68.86573182,1.054E-16,1.39577E-13,
LnegCSP11,9994.05368,1.984222094,0.311905537,38.51869195,5.42318E-10,5.27093E-08,
Lneg_g16556,5308.663874,1.982278931,0.278166426,48.3900195,3.49342E-12,6.88159E-10,
Lneg_g13647,438.0177693,1.975324316,0.305346676,40.16988543,2.3281E-10,2.54266E-08,
Lneg_g15937,181.3004561,1.971163795,0.401357704,21.74590777,3.11253E-06,6.3534E-05,
Lneg_g08586,9.731590641,1.965038139,0.434060364,20.64581226,5.52579E-06,0.000101456,
Lneg_g10809,128.2881836,1.959612947,0.471962308,13.72245041,0.000211906,0.001931054,
Lneg_g02515,447.6929268,1.95631631,0.551550876,11.58487316,0.000664905,0.004742417,
Lneg_g06684,4743.192683,1.95360017,0.236850943,63.44019444,1.6531E-15,1.09456E-12,
Lneg_g03738,24.63245939,1.95053491,0.536674282,12.09678125,0.000505089,0.003816631,
Lneg_g11820,129.8192218,1.942786766,0.398092873,23.02292833,1.60081E-06,3.61685E-05,
Lneg_g16465,369.1268462,1.936808499,0.296453429,38.97768308,4.28678E-10,4.36675E-08,
Lneg_g00074,19.80015478,1.93435254,0.414345518,19.28528502,1.12571E-05,0.000184323,
Lneg_g00461,187.9124348,1.931849808,0.422591431,17.69735494,2.58986E-05,0.000360066,
Lneg_g14407,234.8714359,1.929523941,0.359295458,26.89043318,2.15322E-07,7.37675E-06,
Lneg_g09376,5454.184564,1.906390629,0.307594211,36.2735887,1.71472E-09,1.4082E-07,
Lneg_g12311,973.8224326,1.903212084,0.613176047,8.097844885,0.004431792,0.021418981,
Lneg_g06380,808.9261961,1.901498462,0.290397835,41.28329023,1.3169E-10,1.58537E-08,
Lneg_g11488,2376.185379,1.899114216,0.431423385,16.81437784,4.12198E-05,0.000517397,
Lneg_g06120,971.7580228,1.897576463,0.233520879,63.94563622,1.279E-15,9.03317E-13,
Lneg_g09378,979.5620424,1.88611069,0.366036655,25.20383994,5.15794E-07,1.47441E-05,
Lneg_g05000,6723.076524,1.885442471,0.490064192,13.52025769,0.000236002,0.002120615,
Lneg_g10289,2644.205708,1.879006481,0.270689996,46.32981397,9.99317E-12,1.58011E-09,
Lneg_g12983,84.23779008,1.874208907,0.447619126,15.14911458,9.93449E-05,0.00103998,
Lneg_g03423,60.31938417,1.870164941,0.437128938,16.78606859,4.18393E-05,0.000523894,
Lneg_g00368,6.091778596,1.867704951,0.610073084,9.423480669,0.002142245,0.012058951,
Lneg_g13844,19.84974112,1.855014074,0.695648215,6.201337639,0.01276538,0.049374384,
Lneg_g10850,1635.632855,1.854012717,0.398657431,18.79512908,1.45538E-05,0.000227745,
Lneg_g03365,893.5251858,1.85232875,0.317325333,32.14926514,1.42771E-08,7.80567E-07,
Lneg_g04600,17.19460292,1.851678389,0.455780972,15.64837196,7.62782E-05,0.000853317,
Lneg_g11570,117.9008771,1.844309393,0.267585324,43.60205223,4.02417E-11,5.53663E-09,
Lneg_g06745,287.3018835,1.834696859,0.465901789,12.39440113,0.000430623,0.003356895,
Lneg_g05385,443.6498748,1.831022645,0.404241836,16.72418688,4.32264E-05,0.000537489,
Lneg_g01044,350.8709651,1.82667988,0.324690993,28.43997997,9.66487E-08,3.84923E-06,
Lneg_g08063,193.3099086,1.825639292,0.408901955,19.38618558,1.06777E-05,0.000176198,
Lneg_g14455,2510.16476,1.824819664,0.422289997,15.27045306,9.31624E-05,0.000989933,
Lneg_g06341,5.363845128,1.81276671,0.637967766,7.701966983,0.005516068,0.025507301,
Lneg_g07692,19.10089311,1.807094185,0.425303958,17.17247421,3.41347E-05,0.000448161,
LnegCSP8,19256.48757,1.805278446,0.263869313,45.53840341,1.49675E-11,2.23332E-09,
Lneg_g09682,32.54282545,1.801495083,0.428667134,15.7074023,7.39343E-05,0.000829724,
Lneg_g00563,32.46580686,1.799170867,0.405779522,18.71602644,1.51702E-05,0.000234961,
Lneg_g00004,7.609844741,1.796725022,0.578852961,9.016762748,0.002675148,0.014306166,
Lneg_g05497,212.3086725,1.795577536,0.51552894,10.92533015,0.000948583,0.006311433,
Lneg_g13886,588.7655585,1.795557314,0.252210722,47.94815187,4.3764E-12,7.85824E-10,
LnegOR55,10.24575068,1.781784094,0.416528033,18.48151118,1.71561E-05,0.000258905,
Lneg_g13888,10.91237559,1.779140188,0.622566541,7.640040286,0.005708664,0.026203461,
Lneg_g14425,622.468742,1.77599165,0.320609128,29.86781356,4.62528E-08,2.14913E-06,
Lneg_g14301,317.9416164,1.773176446,0.544433476,8.313715924,0.003934681,0.019569958,
Lneg_g10357,757.1447864,1.77184235,0.218580547,64.28046586,1.0791E-15,8.16573E-13,
Lneg_g00073,876.5989693,1.755419373,0.276963971,37.64436523,8.48915E-10,7.95877E-08,
Lneg_g01325,21.84221344,1.75086176,0.562216749,8.559071712,0.003438047,0.017482267,
Lneg_g11411,7.068341405,1.748919599,0.633151429,6.726689252,0.009498073,0.038944081,
Lneg_g04746,15.2984467,1.747424319,0.383188032,20.29670181,6.63148E-06,0.000118522,
Lneg_g09321,673.8424886,1.746420877,0.344311105,23.14192246,1.50474E-06,3.44303E-05,
Lneg_g00096,316.6258937,1.742479202,0.291798002,33.28892351,7.94338E-09,4.72765E-07,
Lneg_g13515,2758.698967,1.736187735,0.234516244,53.89824419,2.11146E-13,5.7356E-11,
Lneg_g00120,203.9771626,1.72617096,0.321859464,27.0994625,1.93252E-07,6.76892E-06,
LnegOBP3,8408.566214,1.720197858,0.269766599,38.64868637,5.07374E-10,5.07087E-08,
Lneg_g04008,2804.732673,1.718282475,0.247043448,47.47446016,5.57253E-12,9.5906E-10,
Lneg_g04656,957.3944152,1.710614314,0.314050633,29.40177815,5.88236E-08,2.59657E-06,
Lneg_g14001,840.916375,1.704434358,0.450783946,12.19216178,0.000479907,0.003652398,
Lneg_g11774,679.9353375,1.700218274,0.315493409,26.22567086,3.03758E-07,9.61868E-06,
Lneg_g13493,1303.90459,1.698707598,0.255575765,43.01204831,5.44038E-11,7.29562E-09,
Lneg_g12415,10.46446502,1.697389828,0.486932171,11.78022208,0.000598633,0.00435871,
Lneg_g07600,902.0302414,1.683056552,0.243425817,46.38668016,9.70732E-12,1.55817E-09,
Lneg_g10677,64.64719022,1.680408631,0.222799415,55.38981963,9.88471E-14,3.37802E-11,
Lneg_g14912,2827.57967,1.671826376,0.222528654,54.38144903,1.65114E-13,4.72762E-11,
Lneg_g14006,59.93373522,1.671648504,0.382019291,16.90053005,3.93906E-05,0.000501567,
Lneg_g00273,463.7228307,1.667480649,0.211771512,61.52154869,4.37924E-15,2.44177E-12,
Lneg_g14662,1213.171107,1.666938449,0.340304184,20.91934144,4.79033E-06,8.96622E-05,
Lneg_g11883,18.87326629,1.662594644,0.441115617,13.4119199,0.00025003,0.002205514,
Lneg_g01055,1032.602955,1.661603538,0.530012354,7.545531699,0.006015907,0.027224484,
Lneg_g06055,194.2444837,1.656297552,0.33196956,24.38642976,7.8822E-07,2.06183E-05,
Lneg_g02131,11.88838553,1.654509418,0.645465124,6.27936899,0.012215159,0.047751805,
Lneg_g13918,11.40867873,1.654386243,0.423099678,15.37876746,8.79713E-05,0.00094616,
Lneg_g12982,72.40316939,1.651337599,0.569956222,7.301874796,0.00688827,0.030376129,
Lneg_g07393,338.2447895,1.648249188,0.279511633,32.14697065,1.42939E-08,7.80567E-07,
Lneg_g12664,16.05559413,1.640901636,0.510745099,8.49492707,0.003561381,0.01799202,
Lneg_g03151,20.48098951,1.636668844,0.403840664,16.26423931,5.5094E-05,0.000655804,
Lneg_g03783,1471.933915,1.63410405,0.327426401,24.23874044,8.51031E-07,2.17774E-05,
Lneg_g15077,90.11463932,1.631337365,0.524321256,7.566374538,0.005946728,0.026999009,
Lneg_g09144,41.66235364,1.629750852,0.357267961,18.07498169,2.12374E-05,0.000306107,
Lneg_g08414,7.479227834,1.628721383,0.615964481,6.619118941,0.010088973,0.040904164,
Lneg_g11465,887.7397294,1.626397142,0.328224571,22.0886321,2.60347E-06,5.44007E-05,
Lneg_g09386,502.1384455,1.623141156,0.457986127,11.38401788,0.000740787,0.005218018,
Lneg_g09192,177.1918946,1.622008867,0.325213025,23.31682866,1.37393E-06,3.22736E-05,
Lneg_g13501,19.63153263,1.603403884,0.40706821,15.40820849,8.66112E-05,0.000935331,
Lneg_g09659,473.5187794,1.59477809,0.447271553,11.63033431,0.000648849,0.004662176,
Lneg_g04300,375.8454227,1.589694319,0.547751248,7.13470098,0.007560625,0.032759616,
Lneg_g02147,4533.719075,1.58879523,0.248039136,38.54559236,5.34894E-10,5.24991E-08,
Lneg_g06662,12.02378395,1.585683455,0.50761588,9.652404326,0.001891039,0.010989396,
Lneg_g06051,49676.40755,1.581581614,0.225028565,49.17856999,2.3369E-12,5.05247E-10,
Lneg_g11810,1010.126734,1.569043689,0.260378993,36.18773304,1.79195E-09,1.4603E-07,
Lneg_g01339,860.55408,1.566506226,0.367288286,17.54024686,2.8129E-05,0.000382049,
Lneg_g12312,5907.041028,1.563469789,0.49901112,8.410420796,0.003730763,0.018722739,
Lneg_g05408,2976.164294,1.56112503,0.198439732,59.86399649,1.01644E-14,4.68181E-12,
Lneg_g16770,991.9176272,1.560238208,0.535415239,6.986810076,0.008211257,0.034837827,
Lneg_g12313,1471.790268,1.556924554,0.539923141,7.009344896,0.008108534,0.034484871,
Lneg_g01705,1620.819374,1.555396498,0.437629151,9.865991579,0.001683619,0.010031643,
Lneg_g07650,872.7933494,1.551269811,0.333146035,19.12143475,1.2266E-05,0.000197186,
Lneg_g06443,247.8988783,1.549433425,0.282975973,29.79042757,4.81363E-08,2.21997E-06,
Lneg_g05164,580.2834161,1.543800136,0.345582942,17.51838764,2.84542E-05,0.000384986,
Lneg_g04689,390.6635853,1.54066519,0.214338158,50.86586407,9.88987E-13,2.3283E-10,
Lneg_g02357,27.00523229,1.535301219,0.337547105,20.2354757,6.84713E-06,0.000121709,
Lneg_g04984,401.5057286,1.534511665,0.543824292,6.487281934,0.010864898,0.04343499,
Lneg_g04780,790.8196746,1.533798613,0.24397945,36.97217896,1.19827E-09,1.05787E-07,
LnegCSP2,164.1994706,1.5335022,0.296715867,25.63608626,4.12257E-07,1.21656E-05,
Lneg_g05905,92.02669355,1.52879844,0.288667629,27.35026277,1.69741E-07,6.15836E-06,
Lneg_g05821,948.1777408,1.52747,0.19615163,58.34738211,2.19689E-14,9.69743E-12,
Lneg_g15569,523.2446768,1.522399186,0.241010421,38.42985634,5.67574E-10,5.46625E-08,
Lneg_g01246,17.00456708,1.521512969,0.345628905,17.98983616,2.22088E-05,0.000317945,
Lneg_g14724,21.48707518,1.517010058,0.536521886,7.293934872,0.006918778,0.030477143,
Lneg_g10325,1952.871056,1.511006232,0.220089919,46.27165947,1.02942E-11,1.59957E-09,
Lneg_g00824,72.54208788,1.509430887,0.519400749,6.813103258,0.009049137,0.03757999,
Lneg_g11566,515.0518288,1.508460552,0.283482192,28.09445085,1.15537E-07,4.50692E-06,
Lneg_g12314,693.4170245,1.503856868,0.536221993,6.923950035,0.008504891,0.035811135,
Lneg_g01484,3104.851807,1.502703205,0.383517834,14.51033028,0.000139393,0.00136861,
Lneg_g07256,162.7114417,1.501604574,0.409487104,12.63321056,0.000378954,0.003046006,
Lneg_g16668,469.1937416,1.496624646,0.289189143,25.89400774,3.60687E-07,1.09393E-05,
Lneg_g14015,13.32790237,1.493413562,0.349630926,17.59744245,2.72955E-05,0.000375057,
LnegOR111,8.020566667,1.477544064,0.477580785,8.768637649,0.003064543,0.015922396,
Lneg_g04009,1021.097312,1.476016519,0.528998089,6.70375985,0.009620982,0.039337972,
Lneg_g03436,187.681169,1.472093483,0.277385439,26.94317922,2.09525E-07,7.25396E-06,
Lneg_g06694,30.94935558,1.466719316,0.465103035,9.669181101,0.001873848,0.010937492,
Lneg_g04208,368.9654643,1.465479726,0.244540387,35.13025366,3.08373E-09,2.20736E-07,
Lneg_g00269,582.7652455,1.464580851,0.247760267,33.58197627,6.83229E-09,4.18389E-07,
Lneg_g06434,1155.739624,1.460731523,0.2249392,40.09281436,2.42178E-10,2.59155E-08,
Lneg_g08380,11.22524087,1.460673423,0.478882606,8.577786535,0.003402888,0.017363167,
Lneg_g06561,2671.8067,1.460313054,0.381214628,13.71244559,0.000213038,0.001938939,
Lneg_g08454,116.976578,1.455900599,0.355044045,15.51369228,8.19098E-05,0.00089459,
Lneg_g04200,1404.658299,1.454094082,0.271078634,27.55833063,1.52427E-07,5.5876E-06,
Lneg_g03047,72.59319493,1.452915406,0.282509973,26.52199968,2.60554E-07,8.62596E-06,
Lneg_g06949,225.37807,1.448569581,0.284363845,26.01691315,3.38439E-07,1.04228E-05,
Lneg_g12750,34.56826985,1.44734081,0.392667239,12.93371988,0.000322716,0.002685665,
LnegGR28,59.29904211,1.441921959,0.205557521,48.01584407,4.22789E-12,7.72246E-10,
LnegIR111,8.803480685,1.440179215,0.443003693,10.05366475,0.001520452,0.009289311,
Lneg_g05523,239.7766935,1.438684705,0.418446265,9.754661337,0.001788686,0.010533262,
Lneg_g01647,2295.56866,1.435660638,0.34691201,16.05942676,6.13853E-05,0.000711505,
Lneg_g02352,11.57439928,1.430802192,0.469651536,8.915665305,0.002827348,0.014916795,
Lneg_g12907,410.3894762,1.42805449,0.422409077,9.851156315,0.00169725,0.010095354,
Lneg_g08285,274.9295866,1.42388043,0.306916314,21.48371488,3.56846E-06,7.03991E-05,
Lneg_g15106,9.676401019,1.418029656,0.512495914,7.620796534,0.0057699,0.026415868,
Lneg_g04228,49.56679783,1.413792195,0.379732746,12.69762975,0.000366119,0.002960816,
Lneg_g09632,46.84194206,1.411169029,0.517161361,6.61808043,0.010094858,0.040912366,
Lneg_g04147,278.3182384,1.411064491,0.281184366,24.46560623,7.56483E-07,2.00419E-05,
Lneg_g03273,93.59517999,1.410234921,0.459652582,7.890966474,0.004968231,0.023423871,
Lneg_g00606,205.4381706,1.409471536,0.289016986,23.36131777,1.34251E-06,3.16645E-05,
Lneg_g06369,2886.812393,1.409295419,0.373569949,12.21865504,0.00047314,0.003619096,
Lneg_g03886,20.94077549,1.40850181,0.517969256,6.734695925,0.009455535,0.038826332,
Lneg_g02270,7.956018962,1.408426339,0.461990823,8.548445383,0.003458174,0.017562751,
Lneg_g09503,39.34581029,1.406101675,0.482104719,8.231741726,0.004116401,0.020264474,
Lneg_g00789,2960.617718,1.402989879,0.18357764,58.04298672,2.56452E-14,1.08674E-11,
Lneg_g13079,200.301784,1.402921146,0.344445799,16.04542755,6.18408E-05,0.000716001,
Lneg_g13963,608.4405239,1.402691787,0.323787823,17.60973397,2.71197E-05,0.00037361,
Lneg_g02761,2447.774164,1.402206432,0.466619347,7.936413945,0.004844975,0.022986155,
Lneg_g14456,584.3348767,1.401369798,0.380318181,12.15135001,0.000490523,0.003727838,
Lneg_g01054,458.9987868,1.398058846,0.365240429,13.89789252,0.000193015,0.001784292,
Lneg_g10471,5095.51937,1.397864137,0.286464348,23.15411115,1.49523E-06,3.43611E-05,
Lneg_g13383,1035.058353,1.394877086,0.298118537,20.8444899,4.98123E-06,9.24189E-05,
Lneg_g16273,193.0920493,1.394199639,0.233877527,34.89438977,3.48082E-09,2.41019E-07,
Lneg_g01768,16.4585492,1.390331875,0.400076952,11.83625107,0.000580887,0.004258763,
Lneg_g09655,1599.651935,1.390039507,0.29663067,21.34156362,3.84308E-06,7.45671E-05,
Lneg_g16963,137.9218814,1.389980429,0.264556331,27.6985878,1.41766E-07,5.30594E-06,
Lneg_g10067,291.7487706,1.389075823,0.25036283,30.89226923,2.72756E-08,1.36301E-06,
Lneg_g10762,1040.753537,1.386646308,0.271397716,24.07024224,9.28847E-07,2.3485E-05,
Lneg_g16408,790.4813263,1.381744607,0.221889744,38.54447909,5.352E-10,5.24991E-08,
Lneg_g09658,1950.740049,1.381049121,0.368676536,12.94067541,0.000321519,0.002682025,
Lneg_g01168,90.5063652,1.379373115,0.320709053,17.96024765,2.25567E-05,0.00032119,
Lneg_g01560,6.681191528,1.378565329,0.516908514,7.016940041,0.00807421,0.034407956,
Lneg_g04168,82.71583745,1.374766568,0.330513995,16.83806163,4.07086E-05,0.000512802,
Lneg_g02962,17.66153769,1.371363864,0.347189267,15.73255392,7.29577E-05,0.000821375,
Lneg_g01756,227.3079588,1.369626076,0.314749285,17.96773207,2.24682E-05,0.000320792,
Lneg_g10341,14.40871012,1.367131813,0.346668057,15.57347143,7.93603E-05,0.000875774,
Lneg_g12165,162.1323624,1.364549114,0.27631365,22.90315677,1.70372E-06,3.80785E-05,
Lneg_g00836,1197.651267,1.360581515,0.304303693,20.00036872,7.74272E-06,0.00013469,
Lneg_g15439,1090.902005,1.358984478,0.229897412,33.58343009,6.82718E-09,4.18389E-07,
Lneg_g08938,1794.412191,1.354145293,0.25371935,26.69319739,2.3846E-07,7.96921E-06,
Lneg_g09791,5945.621025,1.35368037,0.398805417,9.390864033,0.002180694,0.012249349,
Lneg_g14788,257.2573291,1.353044699,0.279764067,23.37996394,1.32956E-06,3.14406E-05,
Lneg_g08215,127.522354,1.352613746,0.400894162,10.56718662,0.001151128,0.007350843,
LnegOBP2,75.62603829,1.349189508,0.438347673,7.8536403,0.005071848,0.023852086,
Lneg_g16229,37.98719355,1.345143015,0.263525833,26.06463207,3.30177E-07,1.02578E-05,
Lneg_g00316,2100.035979,1.342868294,0.282643668,22.16242777,2.50529E-06,5.25565E-05,
Lneg_g12570,1670.583346,1.342601747,0.245164412,29.23611383,6.40738E-08,2.75934E-06,
Lneg_g06270,13.69338719,1.33967979,0.424211905,9.047718723,0.002630228,0.014156032,
Lneg_g04450,383.4723363,1.335570996,0.221913845,33.96140717,5.62161E-09,3.58767E-07,
Lneg_MRJPg006,205.5187491,1.33367235,0.417035791,8.892555757,0.002863357,0.015069249,
Lneg_g01130,6.4656905,1.322501139,0.451949554,8.525277562,0.003502473,0.017745195,
Lneg_g07410,2001.184343,1.320780627,0.263636241,24.85028492,6.19599E-07,1.70215E-05,
Lneg_g11823,117.9180636,1.320048592,0.299860445,19.16494634,1.19895E-05,0.000193919,
Lneg_g06049,22.82454801,1.31951964,0.297077198,19.38988035,1.0657E-05,0.000176132,
Lneg_g11376,69.78091299,1.316502484,0.406398738,10.02169847,0.001547067,0.009397725,
Lneg_g07379,1560.26198,1.311399156,0.39669916,10.10759683,0.001476594,0.009063172,
Lneg_g13116,46.42474767,1.309680247,0.296922146,19.24337939,1.15069E-05,0.000187808,
Lneg_g01510,9.194539343,1.308783922,0.465568318,7.165417997,0.007432237,0.032322298,
Lneg_g11800,11.65095669,1.308069348,0.449132708,8.199941167,0.004189175,0.020508372,
Lneg_g06528,89.5286692,1.306768266,0.285519,20.48544493,6.00864E-06,0.000109562,
Lneg_g11416,194.7965304,1.305588106,0.3255193,15.53195508,8.11223E-05,0.000888738,
Lneg_g05620,140.3933455,1.302731321,0.35251972,13.50787967,0.000237564,0.002127431,
Lneg_g03483,127.0087272,1.30241742,0.301903456,18.4541868,1.74038E-05,0.000261898,
Lneg_g05498,123.9229967,1.299496179,0.407659363,9.809279386,0.001736335,0.010270651,
Lneg_g05656,224.5836703,1.297889863,0.333850628,14.14040778,0.00016966,0.001597669,
Lneg_g12510,64247.72892,1.291227975,0.212932856,36.9225139,1.22918E-09,1.0762E-07,
Lneg_g13435,138.9103437,1.287961338,0.252947261,25.86263617,3.66597E-07,1.10333E-05,
Lneg_g10162,311.2263593,1.285696845,0.33674759,13.60280684,0.000225848,0.002041493,
LnegCSP10,1260.589401,1.285320732,0.335847211,14.67320977,0.000127851,0.001277782,
Lneg_g06370,17.24249035,1.279957461,0.318657969,15.89260795,6.704E-05,0.000766979,
Lneg_g15202,61.91984304,1.278673685,0.324995776,14.54969003,0.000136511,0.001344051,
Lneg_g16052,12.9385316,1.27631981,0.397816104,10.44480477,0.001229949,0.007783799,
Lneg_g15294,43.88075324,1.275498304,0.309149397,16.4265833,5.0571E-05,0.000611438,
Lneg_g06326,7448.221121,1.271206877,0.332962224,14.5838355,0.00013406,0.001332285,
Lneg_g13608,125.9045942,1.270427317,0.315967458,15.54153099,8.07124E-05,0.00088608,
Lneg_g10999,113.1744162,1.27035555,0.341452967,13.70837354,0.0002135,0.00194148,
Lneg_g07867,12.75670256,1.270199258,0.436232818,8.555196421,0.003445373,0.017506132,
Lneg_g07780,741.7844469,1.269793338,0.399498436,9.948614823,0.001609705,0.009711396,
Lneg_g03954,17.64131452,1.267414211,0.372513061,11.7423295,0.000610945,0.004433118,
Lneg_g16438,47.43183685,1.26408205,0.328416805,13.86771802,0.000196139,0.001807971,
Lneg_g16042,684.851868,1.260078573,0.318001112,14.83550711,0.000117306,0.00120304,
Lneg_g06927,2697.334524,1.260035203,0.382854649,10.51772311,0.001182351,0.007527538,
Lneg_g04249,292.1536286,1.258524514,0.263727683,22.38751825,2.22817E-06,4.7784E-05,
Lneg_g14292,1088.142434,1.255763084,0.300297739,15.87510069,6.76631E-05,0.000772438,
Lneg_g05774,1586.971641,1.25547571,0.449424144,6.725916647,0.009502188,0.038944081,
Lneg_g13472,515.9376964,1.254833146,0.238833375,26.43440313,2.72641E-07,8.92332E-06,
Lneg_g06577,5835.232368,1.248204777,0.25643003,23.55524897,1.21378E-06,2.9291E-05,
Lneg_g03808,85.57528577,1.244999249,0.307049597,15.58999632,7.86697E-05,0.000870127,
Lneg_g06054,21216.06361,1.243700053,0.249522253,24.8339084,6.24885E-07,1.7106E-05,
Lneg_g06435,47.77819321,1.240290307,0.422583427,7.784317985,0.005270168,0.024617355,
Lneg_g06680,153.2707834,1.238800967,0.229559466,29.05546374,7.03355E-08,2.96866E-06,
Lneg_g06118,1276.426668,1.237270638,0.459486584,6.733456045,0.009462109,0.038838275,
Lneg_g10874,1118.089901,1.237253277,0.230237298,29.28573377,6.24538E-08,2.72278E-06,
Lneg_g05627,2689.755639,1.236674582,0.170487614,51.14540532,8.57712E-13,2.06514E-10,
Lneg_g05049,485.9861974,1.232059096,0.315836069,14.44224999,0.000144523,0.001411134,
Lneg_g00015,216.8742174,1.231983223,0.269263548,21.13747328,4.27486E-06,8.14531E-05,
Lneg_g01118,163.9785382,1.22763955,0.31035229,14.31418536,0.000154695,0.001485669,
Lneg_g03809,890.5521233,1.226600419,0.197197855,37.58977504,8.73009E-10,8.11286E-08,
Lneg_g16518,125.1583314,1.224371226,0.295460984,15.91057761,6.64066E-05,0.000760552,
Lneg_g16893,2004.438808,1.223771548,0.242805329,25.41089035,4.63295E-07,1.35211E-05,
Lneg_g06244,418.8883766,1.217148463,0.45044414,6.505180759,0.010756063,0.043113165,
Lneg_g09824,193.342652,1.216533311,0.224836934,28.52206814,9.26366E-08,3.70337E-06,
Lneg_g05374,107.3279289,1.212802181,0.274737532,18.62061606,1.59486E-05,0.00024381,
Lneg_g04848,1304.356784,1.210973193,0.414355059,7.405682633,0.006501817,0.02903889,
Lneg_g10924,50.05072268,1.209979351,0.343303338,12.40911404,0.000427244,0.003335459,
Lneg_g05337,114.6474459,1.208544202,0.236468983,26.50108629,2.6339E-07,8.66569E-06,
Lneg_g04750,484.2353251,1.208542228,0.287035489,16.92489344,3.88882E-05,0.000495991,
Lneg_g02543,842.7877492,1.207913288,0.230754901,27.33343065,1.71225E-07,6.19099E-06,
Lneg_g10177,634.0937855,1.202191202,0.242140329,24.81350817,6.31533E-07,1.72435E-05,
Lneg_g11528,85.28397168,1.202060124,0.315119561,13.14058759,0.000288967,0.002480809,
Lneg_g10650,62.09588265,1.201181338,0.475168147,6.210397523,0.012700211,0.049230162,
Lneg_g07521,95.21832276,1.200031077,0.209412921,32.5742933,1.14722E-08,6.49929E-07,
Lneg_g02306,8600.551436,1.196758018,0.1598127,55.21391351,1.08101E-13,3.57881E-11,
Lneg_g02522,1268.061176,1.185114972,0.315824718,12.7194819,0.000361866,0.002933136,
Lneg_g00003,841.3405473,1.183007881,0.221830427,27.63406728,1.46574E-07,5.41049E-06,
Lneg_g07564,14.70225995,1.180413303,0.313727447,14.32365243,0.000153919,0.001482378,
Lneg_g02937,389.7642357,1.179511405,0.369891145,9.880032567,0.00167082,0.009972206,
Lneg_g09797,985.6796723,1.176910541,0.273582082,17.39202517,3.04099E-05,0.000405746,
Lneg_g04150,227.3106941,1.175190096,0.28980788,15.55060625,8.03259E-05,0.000882751,
Lneg_g15978,46.13880119,1.172288118,0.35624734,9.915287649,0.001639115,0.009843983,
Lneg_g15790,848.6191374,1.172145264,0.17415559,44.70100912,2.29539E-11,3.33115E-09,
Lneg_g10376,437.5912957,1.170705444,0.262221073,19.38013895,1.07115E-05,0.00017626,
Lneg_g11281,810.0342319,1.166377633,0.183049126,40.7941789,1.69136E-10,1.96945E-08,
Lneg_g07018,9916.46292,1.164311888,0.27246553,18.42142986,1.77056E-05,0.00026565,
Lneg_g04423,2331.517109,1.163680549,0.3059251,14.16593142,0.000167374,0.001586009,
Lneg_g07305,49.61468046,1.163384307,0.32367972,12.88650086,0.000330961,0.002739216,
Lneg_g06538,39.3547306,1.162941397,0.374352475,9.277219922,0.002320213,0.012849105,
Lneg_g00228,3997.801365,1.162322165,0.171983911,45.78253501,1.32136E-11,1.99979E-09,
Lneg_g01499,354.8772501,1.160075889,0.303543744,14.76245445,0.000121939,0.00124214,
Lneg_g10167,1828.27665,1.155510569,0.280480189,16.53063318,4.78704E-05,0.000584262,
Lneg_g15255,114.7334647,1.153672188,0.243909657,21.66761957,3.24218E-06,6.58001E-05,
Lneg_g07519,236.485619,1.150694766,0.311780825,12.8680364,0.000334242,0.00276206,
Lneg_g07529,578.6658949,1.146899636,0.165088592,48.38201752,3.5077E-12,6.88159E-10,
Lneg_g08593,2333.420486,1.146639833,0.245422914,21.56179069,3.4261E-06,6.87426E-05,
Lneg_g04151,509.7232988,1.144886957,0.210743,29.44769519,5.74463E-08,2.56787E-06,
Lneg_g01847,608.568694,1.14040064,0.242142102,22.26480496,2.3752E-06,5.04267E-05,
Lneg_g03924,437.2312102,1.139775744,0.291516737,15.07347194,0.000103406,0.001077175,
Lneg_g09444,243.7343121,1.136300898,0.200775053,32.5900644,1.13795E-08,6.48142E-07,
Lneg_g03667,73.90481633,1.135490883,0.318445146,11.70407409,0.000623634,0.004512827,
Lneg_g11417,21.27391536,1.133737754,0.376777072,8.815730053,0.002986447,0.015598956,
Lneg_g01053,1962.784305,1.13372529,0.276200935,17.11996907,3.50914E-05,0.000457267,
Lneg_g04831,88.26103277,1.132593084,0.227773185,24.34390016,8.05815E-07,2.09235E-05,
Lneg_g00810,1305.995753,1.132048497,0.231514658,23.0680273,1.56369E-06,3.56253E-05,
Lneg_g13474,35.79166386,1.131853306,0.406714095,7.258203351,0.007057786,0.031012107,
Lneg_g11813,33.20263811,1.13097926,0.345605682,9.440453818,0.00212251,0.011973305,
Lneg_g10002,355.658005,1.130822384,0.285580234,15.5896441,7.86844E-05,0.000870127,
Lneg_g15893,172.1835289,1.129237178,0.283919649,15.19082329,9.71745E-05,0.001021296,
Lneg_g10497,122.8229749,1.128324601,0.274388107,16.31191578,5.37251E-05,0.00064385,
Lneg_g06465,1711.836062,1.127090984,0.263432084,18.56836074,1.63919E-05,0.000249085,
Lneg_g07774,21.80000905,1.124422082,0.43754918,6.265665379,0.012309993,0.047945613,
Lneg_g14424,19560.89071,1.120619207,0.27685894,16.14045606,5.88142E-05,0.000690773,
Lneg_g03688,2000.510157,1.113614317,0.291941215,14.05017226,0.000177998,0.00166288,
Lneg_g06292,5399.795298,1.112666188,0.196520578,31.38000655,2.12154E-08,1.09105E-06,
Lneg_g09857,213.5354165,1.110806503,0.321442897,10.57431201,0.001146699,0.00732698,
Lneg_g04373,51.91080841,1.108405238,0.304098298,13.49942357,0.000238637,0.002131634,
Lneg_g01848,16.4527008,1.10553744,0.331453929,11.01055348,0.000905946,0.006074425,
Lneg_g07700,238.7917977,1.105027342,0.318989503,11.85413318,0.000575335,0.004240172,
Lneg_g07110,51.9385306,1.10461076,0.2679286,17.26326939,3.25417E-05,0.000430933,
Lneg_g03303,3378.439137,1.102840219,0.14259424,60.62097572,6.91928E-15,3.49061E-12,
Lneg_g13826,20.9753994,1.098569592,0.432454969,6.312778555,0.011987084,0.047103537,
Lneg_g12082,1167.984342,1.096449158,0.350212118,8.705171804,0.003173085,0.016413898,
Lneg_g11654,31981.7435,1.093336076,0.241145319,19.98564102,7.80259E-06,0.000135509,
Lneg_g11183,126.0640279,1.092124185,0.296471158,12.73887578,0.000358133,0.002909555,
Lneg_g11203,6262.643061,1.089890629,0.238729627,19.4951012,1.00858E-05,0.000168266,
Lneg_g12929,475.0079283,1.087711338,0.283176303,14.94414012,0.000110741,0.001146818,
Lneg_g13559,21.48806257,1.085725117,0.335111825,10.39650645,0.00126254,0.007956778,
Lneg_g07386,1230.535857,1.085696316,0.300091341,11.90834461,0.00055883,0.004145833,
Lneg_g07846,561.1121344,1.085164004,0.155485279,48.94473561,2.63277E-12,5.57831E-10,
Lneg_g03725,1242.30017,1.08380502,0.273635305,15.94668685,6.51517E-05,0.000748609,
Lneg_g11615,613.2892075,1.08379345,0.203820182,27.71222462,1.4077E-07,5.28837E-06,
Lneg_g14631,253.4818255,1.08200129,0.227750148,22.49697529,2.10475E-06,4.55986E-05,
Lneg_g12695,374.6386667,1.0805657,0.226814459,22.4082561,2.20424E-06,4.74629E-05,
Lneg_g06597,648.5567212,1.077214633,0.288491683,14.01198076,0.00018165,0.001686586,
Lneg_g12931,423.2456889,1.074525926,0.229554349,22.03686299,2.67464E-06,5.54504E-05,
Lneg_g13911,85.72629447,1.074123322,0.362123298,8.056144882,0.004534958,0.021847813,
Lneg_g03918,1395.520919,1.073184061,0.323543025,10.92291726,0.000949819,0.006312663,
Lneg_g05936,329.8107494,1.072728559,0.406569619,6.526081935,0.010630386,0.042658452,
Lneg_g03327,238.082313,1.071534352,0.254132882,17.52203154,2.83998E-05,0.000384741,
Lneg_g05123,9240.957312,1.070553401,0.166238419,41.11043392,1.43866E-10,1.71249E-08,
Lneg_g03476,127.4445165,1.068569115,0.31914145,10.23135282,0.001380734,0.008574145,
Lneg_g09664,907.0391625,1.063663248,0.310726738,11.67531989,0.000633346,0.004570622,
Lneg_g03530,711.52066,1.058899172,0.335275839,9.982739502,0.001580144,0.009543927,
Lneg_g05297,405.8130287,1.057437746,0.25741945,16.46608681,4.95281E-05,0.000599998,
Lneg_g10553,865.7382878,1.057081855,0.227831722,21.92399722,2.83664E-06,5.83523E-05,
Lneg_g00906,87.19937084,1.056779216,0.345362711,9.297900726,0.002294166,0.01275163,
Lneg_g11868,3746.319235,1.055643905,0.160108502,44.32227322,2.78529E-11,3.98748E-09,
Lneg_g13623,16.07400945,1.055268305,0.392711257,6.881104899,0.00871117,0.036508598,
Lneg_g00609,579.5673579,1.053443457,0.217934185,22.56817174,2.02817E-06,4.43019E-05,
Lneg_g10931,1879.75895,1.052536949,0.226176976,21.64052864,3.2883E-06,6.64813E-05,
Lneg_g15926,44.9244914,1.051862609,0.232179917,20.08152838,7.421E-06,0.000129947,
Lneg_g14485,285.5206199,1.047181331,0.259291172,15.59640018,7.84037E-05,0.000868838,
Lneg_g12116,111.080384,1.041973295,0.340460198,9.16408038,0.002468116,0.013429494,
Lneg_g13499,154.8729889,1.041866097,0.322254219,10.49406632,0.001197585,0.007597136,
Lneg_g04165,301.4403194,1.037903903,0.170845961,36.56739683,1.47478E-09,1.25998E-07,
Lneg_g02628,1232.787064,1.036750395,0.406757863,6.333620548,0.011847022,0.046657009,
Lneg_g04014,1813.340154,1.034487388,0.384354227,7.227816931,0.007178244,0.031398151,
Lneg_g00732,404.7492143,1.033822529,0.243038195,18.21582286,1.97233E-05,0.000289805,
Lneg_g01728,2074.331739,1.033003197,0.163256385,40.2690531,2.21287E-10,2.44199E-08,
Lneg_g15071,656.2658805,1.03257838,0.295823324,12.19020017,0.000480412,0.003653616,
Lneg_g08926,123.7554919,1.028784044,0.310474422,10.91022113,0.000956351,0.00633224,
Lneg_g16344,25.88692837,1.028650639,0.356223303,8.436516833,0.0036776,0.018508548,
Lneg_g00092,402.4253224,1.0269953,0.174032871,34.41376791,4.4556E-09,2.94971E-07,
Lneg_g11711,394.9660374,1.026207031,0.225511071,20.5519092,5.80359E-06,0.000106006,
Lneg_g14464,467.2136074,1.025258419,0.227003826,19.88694408,8.21595E-06,0.000141069,
Lneg_g15309,144.5925965,1.023584617,0.313864353,10.18470138,0.001416107,0.008773235,
Lneg_g16499,44.39023608,1.022346814,0.383189012,6.74006563,0.009427116,0.038754701,
Lneg_g08882,445.0631577,1.022189911,0.26699882,14.78087196,0.000120754,0.001232437,
Lneg_g11871,64.19015369,1.01814879,0.347426739,8.600679368,0.003360376,0.017189679,
Lneg_g08871,307.0295659,1.01780543,0.231688885,19.06245514,1.26509E-05,0.000202148,
Lneg_g07776,47.9826447,1.013191908,0.274336722,13.54203289,0.00023328,0.0021015,
Lneg_g16215,232.86314,1.012888838,0.360412656,7.681797032,0.005578059,0.025704202,
Lneg_g09641,28.52574358,1.011197648,0.383759992,7.040527091,0.007968558,0.034094871,
Lneg_g04044,1427.48047,1.010426117,0.185830658,29.67483193,5.10939E-08,2.33314E-06,
LnegCSP4,26834.95062,1.008542283,0.234323911,18.19790389,1.99098E-05,0.000291735,
Lneg_g00802,1077.844716,1.008521592,0.265064433,13.72171363,0.000211989,0.001931054,
Lneg_g04764,53.80221869,1.00774127,0.313143385,10.31284139,0.001321077,0.008281357,
Lneg_g07550,187.0768391,1.007660036,0.302702553,10.00637961,0.001559989,0.009454532,
Lneg_g12245,2014.751469,1.005199615,0.146557495,46.63065586,8.57089E-12,1.39692E-09,
Lneg_g09474,863.5935932,1.004467324,0.18599826,29.27044932,6.29484E-08,2.73309E-06,
Lneg_g03232,173.026035,1.004002181,0.337694886,7.992076439,0.00469825,0.022470999,
Lneg_g07432,534.4911855,1.002907044,0.249487714,16.0303492,6.23352E-05,0.000720152,
Lneg_g11886,94.71656412,1.002153499,0.348758156,8.107909554,0.004407252,0.021339319,
Lneg_g05179,743.7677462,0.999642326,0.240949324,16.49104058,4.88805E-05,0.000594535,
Lneg_g02691,2724.916847,0.998613185,0.205275903,23.72986139,1.10849E-06,2.72468E-05,
Lneg_g13296,1236.128427,0.997729455,0.363581196,7.39818441,0.006528974,0.029079817,
Lneg_g04279,863.3669645,0.995946668,0.323302878,9.482636082,0.002074257,0.011763747,
Lneg_g09446,2198.362571,0.995584662,0.297043055,11.32966277,0.000762788,0.005341025,
Lneg_g06716,57.95151097,0.990548759,0.283669348,11.61557296,0.000654019,0.004687873,
Lneg_g09406,667.0896906,0.990236043,0.190241813,26.06515572,3.30088E-07,1.02578E-05,
Lneg_g12875,287.047945,0.989759319,0.222957533,19.13724765,1.21648E-05,0.000195856,
Lneg_g04533,29.27912949,0.988883069,0.377409389,6.637544666,0.009985146,0.040607538,
Lneg_g00449,1505.982905,0.98641772,0.173395321,31.80693068,1.70284E-08,9.06527E-07,
Lneg_g13981,137.4830696,0.985740708,0.312263443,9.295211126,0.002297537,0.012754293,
Lneg_g16039,14373.61076,0.984632139,0.197909082,24.84844127,6.20192E-07,1.70215E-05,
Lneg_g07599,56.73105666,0.981999772,0.349986973,7.612867983,0.005795324,0.026486479,
Lneg_g08088,17.77352684,0.981202632,0.334604239,8.324938318,0.003910447,0.019486017,
Lneg_g01908,30.51070709,0.979298543,0.276801343,12.80855559,0.000345038,0.002831395,
Lneg_g04032,1369.307649,0.978620272,0.193305121,25.7991704,3.78851E-07,1.13377E-05,
Lneg_g06350,562.5604175,0.978438528,0.163235228,35.64050745,2.37301E-09,1.83502E-07,
Lneg_g08481,220.0879444,0.978128592,0.234552719,17.24818359,3.28011E-05,0.000433826,
Lneg_g15806,127.2145431,0.975962186,0.362538609,6.907496698,0.008583508,0.036071886,
Lneg_g06293,1293.376127,0.97591449,0.182232734,27.92777411,1.25929E-07,4.86895E-06,
Lneg_g09633,265.9658762,0.974580807,0.315405338,9.544647687,0.002005333,0.01145256,
Lneg_g00733,49.27954977,0.973715249,0.292539297,11.14024418,0.000844748,0.005781174,
Lneg_g15334,228.860599,0.973672733,0.320205873,9.302776278,0.002288069,0.012730987,
Lneg_g05496,94.14197883,0.972977868,0.266259431,13.43994187,0.000246323,0.002187384,
Lneg_g15731,177.9771133,0.972767035,0.265888816,13.23840324,0.000274271,0.002373882,
Lneg_g14284,59.73276245,0.972557102,0.341361905,7.838492885,0.005114523,0.024017401,
Lneg_g15831,200.7638587,0.972179968,0.24236669,16.42487992,5.06165E-05,0.000611438,
Lneg_g05056,211.6611607,0.9715253,0.358015013,6.974454491,0.008268142,0.035009073,
Lneg_g05899,441.8917284,0.971003816,0.215032969,20.29589104,6.63429E-06,0.000118522,
Lneg_g07522,991.9301964,0.970604196,0.181032834,28.84824167,7.82769E-08,3.18948E-06,
Lneg_g02405,272.5347091,0.968050778,0.25905661,13.8096148,0.000202298,0.001853935,
Lneg_g08838,252.253595,0.967601063,0.352629986,7.604362765,0.005822724,0.026558615,
Lneg_g15446,130.0799249,0.965048517,0.275234522,12.00558684,0.000530413,0.003962762,
Lneg_g13497,1262.45013,0.963170698,0.227090664,16.70430143,4.36818E-05,0.000542515,
Lneg_g11095,1454.162148,0.962978824,0.236581713,15.7790328,7.11871E-05,0.000804004,
Lneg_g00406,46.50535189,0.962472028,0.35745165,7.235664644,0.007146935,0.031287193,
Lneg_g16841,14.63889437,0.961596583,0.292516964,10.89957031,0.000961866,0.006352871,
Lneg_g01853,851.8441449,0.961379048,0.356486688,7.155119045,0.007475033,0.032430448,
Lneg_g02826,914.0466415,0.960063617,0.152514173,38.74093907,4.83952E-10,4.88284E-08,
Lneg_g11505,412.3965335,0.959693851,0.267898711,13.14945741,0.000287603,0.002473102,
Lneg_g14460,7446.629076,0.959424141,0.233805286,16.37759531,5.1895E-05,0.000624746,
Lneg_g05772,1072.345077,0.959252099,0.281079024,11.35552901,0.000752237,0.005284614,
Lneg_g16482,8607.306183,0.957408401,0.183350382,27.90473396,1.27438E-07,4.90431E-06,
Lneg_g07260,373.5891074,0.955723581,0.296958971,10.05107075,0.001522594,0.009291684,
Lneg_g14854,259.4305467,0.953279061,0.240936739,15.79562979,7.05653E-05,0.000798685,
Lneg_g05988,133.265272,0.94999938,0.256704493,13.50807462,0.000237539,0.002127431,
Lneg_g07813,300.1918623,0.948626019,0.373546095,6.343637045,0.011780309,0.04643844,
Lneg_g03843,28.09677944,0.947363252,0.372030493,6.178815398,0.012928881,0.049952065,
Lneg_g03919,469.4803267,0.944622638,0.267848805,11.67534544,0.000633338,0.004570622,
Lneg_g12557,1258.667454,0.944087505,0.195474278,21.95325072,2.79373E-06,5.75813E-05,
Lneg_g07021,79.38596246,0.944043847,0.250108801,14.45344401,0.000143667,0.001405362,
Lneg_g06671,138.9047756,0.942017364,0.332750186,7.975044444,0.004742659,0.022652719,
Lneg_g07152,164.5803731,0.941043848,0.281163746,11.15246504,0.000839201,0.005750643,
Lneg_g08945,60.53326805,0.938433144,0.318691701,8.782998046,0.003040511,0.015828585,
Lneg_g08258,11711.22708,0.938170748,0.125098136,57.23710093,3.86314E-14,1.46165E-11,
Lneg_g15599,20.70774946,0.938005237,0.369004229,6.429517712,0.011223905,0.044617655,
Lneg_g13511,5679.736964,0.937027358,0.337424887,7.371673265,0.006625925,0.029419552,
Lneg_g05284,56.28761842,0.935059361,0.309597712,9.206539876,0.002411521,0.01321658,
Lneg_g07005,157.8260634,0.933954862,0.330422094,7.747285334,0.005379334,0.025005997,
Lneg_g06986,421.6186222,0.93303277,0.211214923,19.27503374,1.13177E-05,0.00018503,
Lneg_g16601,262.3085485,0.932929249,0.336559071,7.737873818,0.005407443,0.025092622,
Lneg_g01245,1173.234293,0.932618743,0.201436294,21.48471559,3.5666E-06,7.03991E-05,
Lneg_g16258,1837.557155,0.931566571,0.298348172,9.323827856,0.00226193,0.012638651,
Lneg_g05178,762.1487511,0.930372625,0.29703289,9.380504894,0.002193051,0.012305713,
Lneg_g15773,41.98858129,0.928577625,0.346691267,7.217789987,0.007218453,0.031560994,
Lneg_g08689,345.7721135,0.92625417,0.293175527,10.02556265,0.001543825,0.009388796,
Lneg_g02364,535.8656668,0.926013966,0.218701662,17.43305411,2.97606E-05,0.000398588,
Lneg_g10277,289.4720624,0.922740384,0.17860851,26.62519898,2.47001E-07,8.20291E-06,
Lneg_g14783,678.9549595,0.920980081,0.230004925,16.14328505,5.87264E-05,0.000690508,
Lneg_g00259,38.1872931,0.918178816,0.245962605,14.01411057,0.000181444,0.001686586,
Lneg_g01601,608.9457521,0.914597493,0.25774759,12.50304518,0.000406289,0.003209715,
Lneg_g06574,579.9089781,0.914067822,0.229159183,15.27914701,9.27346E-05,0.000986376,
Lneg_g11549,2530.874998,0.913037837,0.166686698,28.92057908,7.54075E-08,3.12057E-06,
Lneg_g10708,546.5627862,0.912881349,0.228242229,15.52727564,8.13233E-05,0.000889102,
Lneg_g02024,1411.05354,0.912721681,0.222719624,16.21001163,5.66937E-05,0.000670327,
Lneg_g15238,104.5592974,0.911254906,0.268656434,11.17636016,0.000828461,0.005684404,
Lneg_g12898,1069.632925,0.910161738,0.28062685,10.47550372,0.001209678,0.00766467,
Lneg_g06682,131.2479749,0.910059116,0.219006124,17.63094773,2.68188E-05,0.000370912,
Lneg_g00131,190.0613082,0.909937347,0.347914363,6.788052709,0.009176996,0.038006683,
Lneg_g04932,1686.230032,0.909278135,0.21852501,17.44840704,2.95212E-05,0.000396384,
Lneg_g14563,2221.498949,0.908698678,0.187455795,23.77707137,1.08163E-06,2.67105E-05,
Lneg_g04124,191.8285548,0.907544702,0.194125106,22.23966716,2.4065E-06,5.06849E-05,
Lneg_g13961,161.9794595,0.899589484,0.267456617,11.34764618,0.000755437,0.005300063,
Lneg_g00394,56.34082463,0.897480521,0.283172419,10.02358511,0.001545484,0.00939349,
Lneg_g12226,703.7208738,0.897209576,0.21544039,17.76341219,2.50148E-05,0.000350075,
Lneg_g12558,1352.404917,0.894722809,0.316928442,7.759899745,0.005341893,0.024886548,
Lneg_g06752,30.17736023,0.892890575,0.33341488,7.215364465,0.007228214,0.031590633,
Lneg_g06081,749.2870848,0.892290253,0.257762195,11.48918272,0.000700024,0.004967217,
Lneg_g07570,1701.959696,0.891256349,0.237355438,14.1419084,0.000169525,0.001597669,
Lneg_g01718,498.3248063,0.890883144,0.247074377,12.89988501,0.000328602,0.002728223,
Lneg_g06448,4885.416759,0.890438137,0.288438019,9.378025718,0.002196019,0.012315844,
Lneg_g03575,3011.579648,0.888367113,0.179941149,23.80313303,1.06709E-06,2.64747E-05,
Lneg_g13135,187.2117835,0.887807615,0.2777883,10.23783835,0.001375887,0.008554079,
Lneg_g03044,183.6973364,0.887442407,0.300174875,8.33876919,0.003880788,0.019365552,
Lneg_g07284,259.550186,0.884603722,0.175849086,24.94571023,5.89676E-07,1.63108E-05,
Lneg_g14124,2635.3364,0.884151262,0.290899849,9.321469328,0.002264843,0.012648259,
Lneg_g06683,369.2026145,0.881635301,0.264898428,11.22199121,0.000808337,0.005567961,
Lneg_g13070,732.7815756,0.881537307,0.189021839,21.39590704,3.73568E-06,7.3018E-05,
Lneg_g14002,75.54064042,0.879730483,0.244219639,12.74637627,0.0003567,0.002902362,
Lneg_g08399,75.82538129,0.877753876,0.214461982,16.62371119,4.55776E-05,0.000560958,
Lneg_g04232,259.3469445,0.87743657,0.2884552,9.317246394,0.002270069,0.012663051,
Lneg_g11418,12.49582796,0.876778657,0.324166644,7.191867121,0.007323474,0.031941079,
Lneg_g05876,1870.095757,0.875474178,0.21514606,16.85706925,4.03029E-05,0.000509358,
Lneg_g06953,118.1427006,0.873725333,0.334371406,6.649331247,0.009919305,0.040417352,
Lneg_g10604,2699.057933,0.869850607,0.279371807,8.808647609,0.002998062,0.015638339,
Lneg_g10083,11804.2759,0.868167339,0.245576591,12.11982447,0.000498886,0.003783249,
Lneg_g14461,3612.967705,0.865189489,0.150682106,33.39740305,7.51242E-09,4.52197E-07,
Lneg_g13384,352.6465711,0.86439573,0.257593412,10.97191139,0.000925033,0.006178812,
Lneg_g05254,84.56196104,0.864355034,0.22672105,14.24951103,0.000160102,0.001525292,
Lneg_g12581,75.67676033,0.862955308,0.235362536,13.31023778,0.000263961,0.002295896,
Lneg_g15221,112.3719827,0.862506777,0.288198122,8.821081701,0.002977701,0.015562784,
Lneg_g14765,1401.512626,0.858949855,0.155758006,30.69101948,3.02562E-08,1.48396E-06,
Lneg_g05382,529.0538318,0.858830049,0.219796274,14.50647076,0.000139679,0.001370147,
Lneg_g13893,57.38969424,0.858809884,0.205164574,17.7690247,2.49411E-05,0.000349505,
Lneg_g16175,285.4952695,0.857391962,0.209534184,16.4151484,5.0877E-05,0.000613885,
Lneg_g14480,24.5118137,0.85684585,0.330545222,6.686561485,0.009714239,0.039688644,
Lneg_g09384,6709.302633,0.856667233,0.247978,11.95702567,0.000544417,0.0040588,
Lneg_g14458,388.101912,0.854540148,0.158440544,29.24769215,6.3692E-08,2.7541E-06,
Lneg_g07292,26.60521461,0.854493303,0.245776098,11.81966226,0.000586085,0.004287972,
Lneg_g03325,149.4929342,0.853949188,0.213801443,15.96473242,6.45336E-05,0.000742311,
Lneg_g15150,1268.526864,0.852235931,0.218581331,15.47905202,8.34247E-05,0.000908387,
Lneg_g06515,1849.495479,0.847703076,0.228497686,13.20935281,0.000278556,0.002403109,
Lneg_g00370,64.55977238,0.846836105,0.317715042,6.296094089,0.012100431,0.047373231,
Lneg_g12150,3208.076535,0.846832085,0.171679471,24.6412344,6.90582E-07,1.85686E-05,
Lneg_g09475,352.4292858,0.845844456,0.185365544,21.35890455,3.80848E-06,7.40944E-05,
Lneg_g15293,717.574934,0.844532343,0.15973752,27.46066132,1.60323E-07,5.83662E-06,
Lneg_g13111,499.9570443,0.843960688,0.210863867,15.98646025,6.37971E-05,0.000735437,
Lneg_g16012,67.16191011,0.842633229,0.295361549,7.699308062,0.0055242,0.025520162,
Lneg_g11449,2356.091513,0.842633055,0.2015002,17.579419,2.75554E-05,0.000377161,
Lneg_g15307,148.4563935,0.841690082,0.284400177,8.16433821,0.004272206,0.020828233,
Lneg_g00887,1695.877114,0.841367542,0.165856297,25.71947648,3.94822E-07,1.17164E-05,
Lneg_g12769,88.57826589,0.839814716,0.186018842,20.79160209,5.1207E-06,9.48404E-05,
Lneg_g08213,241.2003887,0.838757544,0.215400239,15.44878214,8.47716E-05,0.000917334,
Lneg_g01732,635.2863243,0.83817654,0.152956209,29.92553958,4.4896E-08,2.11214E-06,
Lneg_g05231,10070.30266,0.835931265,0.231194522,13.3547237,0.000257773,0.00225317,
Lneg_g01228,292.4183823,0.83584089,0.265417438,10.14211951,0.001449194,0.008926026,
Lneg_g03610,144.6002561,0.835303865,0.331099447,6.482142839,0.010896354,0.043544314,
Lneg_g08847,36.6165501,0.834987536,0.306072614,7.397848058,0.006530195,0.029079817,
Lneg_g07865,808.9522866,0.831766115,0.327480058,6.329005923,0.011877888,0.046736708,
Lneg_g13019,1395.746447,0.83056539,0.205590853,16.29132111,5.43121E-05,0.000649416,
Lneg_g02381,145.1598993,0.829819781,0.212794757,15.09551427,0.000102206,0.001067819,
Lneg_g10998,529.0415686,0.82921624,0.289431565,8.215290902,0.004153886,0.020373131,
Lneg_g08662,189.4446413,0.828187148,0.249444133,10.97752187,0.000922237,0.006164149,
Lneg_g15199,60.11962342,0.827761683,0.303083348,7.615904201,0.005785574,0.026476187,
Lneg_g10488,2595.598856,0.826902931,0.166998171,24.58143551,7.12347E-07,1.90421E-05,
Lneg_g11887,421.7127272,0.823658728,0.244520465,11.25384106,0.000794584,0.005491411,
Lneg_g03073,202.328924,0.821890535,0.192871526,18.26326136,1.92382E-05,0.000283857,
Lneg_g15155,2332.245974,0.821331646,0.18701966,19.37661384,1.07313E-05,0.00017626,
Lneg_g04114,514.5360074,0.821127121,0.24301765,11.28791123,0.000780134,0.005430184,
Lneg_g14296,123.8696059,0.81931058,0.224745998,13.42308421,0.000248547,0.002199753,
Lneg_g04695,280.0950635,0.818147526,0.232999047,11.92445587,0.000554018,0.004115896,
Lneg_g16503,9280.195806,0.816186824,0.18071413,20.47512939,6.04111E-06,0.000109965,
Lneg_g16603,1074.787829,0.815934824,0.238841905,11.84773734,0.000577314,0.00424584,
Lneg_g11145,45.38505282,0.814759091,0.290345074,7.400786153,0.006519538,0.02907649,
Lneg_g08252,1977.753414,0.814230903,0.116030505,49.38844491,2.09979E-12,4.73301E-10,
Lneg_g06445,18.16733181,0.813758143,0.296532049,7.42821792,0.00642089,0.02872589,
Lneg_g15373,325.060423,0.813273198,0.138396231,34.25708928,4.82913E-09,3.13864E-07,
Lneg_g08932,643.3009248,0.813205028,0.176877804,21.11234624,4.33129E-06,8.238E-05,
Lneg_g10916,145.0318738,0.812889343,0.225397212,13.02574057,0.000307239,0.002595602,
Lneg_g07826,2234.476979,0.812688466,0.16909875,23.222837,1.44274E-06,3.35184E-05,
Lneg_g04743,4838.925926,0.811518118,0.300846865,7.345506906,0.006723057,0.029788402,
Lneg_g06517,205.787174,0.810632633,0.281754236,8.155497281,0.004293083,0.020901157,
Lneg_g04266,2914.150583,0.810589708,0.136570327,35.09651616,3.13762E-09,2.22311E-07,
Lneg_g00553,1755.024594,0.809922983,0.240074873,10.92083709,0.000950886,0.006315793,
Lneg_g05122,4394.640184,0.809150528,0.221061037,12.9596726,0.000318273,0.002669804,
Lneg_g06541,1001.860245,0.808285905,0.166262578,24.00065438,9.6303E-07,2.40065E-05,
Lneg_g12208,77.55648552,0.804245863,0.250318518,10.1553189,0.001438855,0.00887266,
Lneg_g05188,515.7328752,0.803781449,0.173791485,21.69243937,3.2005E-06,6.50789E-05,
Lneg_g07526,105.5355992,0.803308955,0.242773866,10.84255453,0.000991938,0.006514935,
Lneg_g15248,42.25113495,0.80313898,0.246801807,10.61689607,0.00112059,0.007186156,
Lneg_g06509,7795.164823,0.80219608,0.18910607,17.96152625,2.25415E-05,0.00032119,
Lneg_g07390,2638.652102,0.80193767,0.17715618,20.22215643,6.89497E-06,0.000122354,
Lneg_g05184,688.518697,0.800701581,0.244611052,10.79537846,0.001017538,0.006650092,
Lneg_g16083,1248.012498,0.800571421,0.225883433,12.62828588,0.000379953,0.00304607,
Lneg_g07017,579.6692274,0.79938147,0.226235817,12.68471578,0.000368657,0.00297679,
Lneg_g13449,2264.968374,0.798510221,0.165654864,23.357746,1.34501E-06,3.16645E-05,
Lneg_g00144,334.0782365,0.796121154,0.315890203,6.469944618,0.010971395,0.043794635,
Lneg_g05023,47.59384094,0.791868573,0.275423443,8.132442813,0.004348013,0.021100708,
Lneg_g05912,118.0209899,0.791256244,0.29118661,7.459634879,0.00630978,0.028300514,
Lneg_g04661,2153.316576,0.790646738,0.197469718,15.76481255,7.17241E-05,0.000808346,
Lneg_g07729,1032.366252,0.790379592,0.107531522,54.50351551,1.5517E-13,4.56631E-11,
Lneg_g01171,1023.503059,0.789549809,0.268091817,8.889920934,0.002867491,0.015079983,
Lneg_g13355,677.6832306,0.78909206,0.23889786,10.96958159,0.000926197,0.006178922,
Lneg_g00708,279.4199533,0.788982261,0.207984993,14.22178992,0.000162478,0.001546535,
Lneg_g06592,8104.871024,0.788795345,0.175178956,19.97587493,7.84254E-06,0.000135758,
Lneg_g15384,263.5930815,0.788338178,0.149342176,28.16566156,1.11363E-07,4.40216E-06,
Lneg_g00433,276.0638955,0.788041665,0.167609021,22.35394738,2.26747E-06,4.85283E-05,
Lneg_g00032,3284.993527,0.787329761,0.175043423,19.96498743,7.88733E-06,0.000136311,
Lneg_g03015,1661.989972,0.78730757,0.302182087,6.438744143,0.011165756,0.044453219,
Lneg_g09962,6390.12531,0.78725791,0.190868309,17.11134235,3.52512E-05,0.000458785,
Lneg_g12201,56.37511882,0.786249837,0.30614393,6.533466556,0.010586344,0.042497815,
Lneg_g01686,1370.263211,0.785535196,0.304030653,6.77707847,0.00923359,0.038181364,
Lneg_g10917,311.9142242,0.785261031,0.220199103,12.20567589,0.000476443,0.003633203,
Lneg_g12471,1419.336845,0.7841181,0.220593159,12.76877352,0.000352454,0.002881093,
Lneg_g13357,1027.04381,0.784011788,0.258381978,9.218014651,0.002396453,0.013151471,
Lneg_g10075,435.8994735,0.7829692,0.143872815,29.99248944,4.33723E-08,2.05128E-06,
Lneg_g04143,3278.688732,0.782857933,0.195661757,15.53748123,8.08855E-05,0.000887061,
Lneg_g10215,98.9526951,0.781263299,0.232600393,11.2726428,0.000786577,0.005460677,
Lneg_g01277,690.9826789,0.780571663,0.284441103,6.915306243,0.0085461,0.035956071,
Lneg_g01300,3937.627194,0.780099379,0.186771986,17.43812331,2.96813E-05,0.00039803,
Lneg_g00009,571.6691407,0.778225412,0.195028713,15.86000736,6.82049E-05,0.000777785,
Lneg_g04832,454.3818216,0.777599195,0.140604138,30.87597909,2.75055E-08,1.36804E-06,
Lneg_g16771,55.21855176,0.776017079,0.291511663,6.610098301,0.010140206,0.041080438,
Lneg_g00555,110.5874131,0.775781185,0.221714828,12.08514015,0.000508253,0.003835064,
Lneg_g00562,264.9547241,0.775544942,0.218955226,12.84616914,0.000338171,0.002788002,
Lneg_g12937,533.3282593,0.775408589,0.24482196,10.05422915,0.001519986,0.009289311,
Lneg_g14773,48.22436106,0.772842724,0.253868351,8.879401848,0.00288406,0.015140532,
Lneg_g08832,195.6451325,0.770275162,0.273086984,8.173312523,0.00425112,0.020754085,
Lneg_g11975,525.1075561,0.770083902,0.204960408,13.82964924,0.000200153,0.001838764,
Lneg_g04842,2440.948431,0.76935873,0.212977226,12.44091557,0.00042003,0.003293705,
Lneg_g10648,2930.660172,0.768984674,0.246423516,9.695621044,0.001847076,0.01081101,
Lneg_g03726,1009.373132,0.768185179,0.237446694,9.905499248,0.001647856,0.009885271,
Lneg_g12653,157.6880614,0.767409161,0.232361681,10.79987458,0.00101507,0.006642155,
Lneg_g16854,684.6936739,0.766498854,0.135869327,31.67760597,1.82009E-08,9.59305E-07,
Lneg_g02336,430.049304,0.765992537,0.169614472,20.92015591,4.7883E-06,8.96622E-05,
Lneg_g09271,5427.173898,0.763101394,0.265117556,7.881604195,0.004994016,0.023524503,
Lneg_g11106,993.2001131,0.761148462,0.133652104,32.60143837,1.13131E-08,6.47843E-07,
Lneg_g11273,622.0589608,0.76051639,0.249343152,9.278616897,0.002318444,0.012846024,
Lneg_g07261,2381.251414,0.760076713,0.161164633,21.52754153,3.48783E-06,6.94085E-05,
Lneg_g08785,2065.102325,0.759939953,0.202211664,13.95796782,0.000186944,0.001732704,
Lneg_g03551,481.0759708,0.75975964,0.275998661,7.606726193,0.005815097,0.02655145,
Lneg_g13244,104.8968338,0.75917537,0.216229169,12.44796995,0.000418446,0.003288591,
Lneg_g01144,71.85459014,0.759033086,0.273806936,7.635499727,0.005723053,0.026246762,
Lneg_g06754,326.7500182,0.758864923,0.238364794,10.1097093,0.001474902,0.009063172,
Lneg_g09661,491.2371522,0.757776799,0.175415381,18.6737611,1.55102E-05,0.000238547,
Lneg_g13470,1491.149962,0.75708033,0.1740547,18.73930632,1.49861E-05,0.000233475,
Lneg_g12803,1071.874707,0.75393376,0.157968587,22.67386324,1.91961E-06,4.21917E-05,
Lneg_g12480,135.9268682,0.752284657,0.182538475,17.13015479,3.49037E-05,0.000456506,
Lneg_g16315,394.1990205,0.752107679,0.182563712,17.17224821,3.41387E-05,0.000448161,
Lneg_g14228,1054.19719,0.75154209,0.210064024,12.84291426,0.00033876,0.002790684,
Lneg_g16492,974.1751191,0.751012727,0.238462513,10.0410382,0.001530909,0.009320948,
Lneg_g04955,109.979471,0.750729379,0.192929182,15.09152653,0.000102422,0.001068953,
Lneg_g12218,488.7942563,0.749051363,0.281379929,6.768102237,0.009280146,0.038299132,
Lneg_g07500,896.1287004,0.746441372,0.170144127,19.80059287,8.5956E-06,0.000145699,
Lneg_g07290,214.0945574,0.744125467,0.20812755,12.94762144,0.000320328,0.002676903,
Lneg_g05567,2307.872423,0.743631628,0.134839138,30.64710132,3.09489E-08,1.50604E-06,
Lneg_g05091,349.2151678,0.743208932,0.162003059,21.28256417,3.9632E-06,7.64775E-05,
Lneg_g08916,2577.320449,0.742419329,0.125603957,34.53088247,4.19542E-09,2.83097E-07,
Lneg_g16282,251.3215095,0.738336823,0.243571981,9.293661534,0.002299481,0.012754293,
Lneg_g00761,25.48655222,0.738114036,0.270620795,7.439702495,0.006380044,0.028567279,
Lneg_g07436,270.5024811,0.737766013,0.203399987,13.36570739,0.000256267,0.002245571,
Lneg_g10591,1621.722914,0.737646495,0.135552642,29.40507329,5.87237E-08,2.59657E-06,
Lneg_g11649,247.6367505,0.735490567,0.246620939,8.438009379,0.003674583,0.018502152,
Lneg_g16219,2132.372851,0.733933789,0.182535886,16.39749567,5.1353E-05,0.000618924,
Lneg_g03579,387.7979646,0.732858809,0.24005352,9.539122448,0.002011379,0.011474716,
Lneg_g09884,444.8272253,0.732687674,0.19405214,14.57382328,0.000134774,0.001335635,
Lneg_g02633,340.8683974,0.73201853,0.261432617,7.7410768,0.00539786,0.025059129,
Lneg_g13965,3435.931611,0.731688487,0.168387421,18.867132,1.40147E-05,0.000221599,
Lneg_g00830,812.8879797,0.731633149,0.214775472,11.79285947,0.000594583,0.00433518,
Lneg_g12021,1646.372736,0.731543712,0.224709837,10.17621005,0.001422643,0.008793092,
Lneg_g02788,1320.932591,0.730202475,0.268584518,7.303008255,0.006883926,0.030376129,
Lneg_g04421,3698.110814,0.72898527,0.203111757,12.52033302,0.000402547,0.003184902,
Lneg_g00723,491.9994801,0.728450029,0.220000785,11.02607432,0.000898392,0.006039064,
Lneg_g09072,213.4999951,0.728128025,0.236628871,9.682487827,0.001860326,0.01087654,
Lneg_g05689,193.2436544,0.728080331,0.13893382,27.66024819,1.44604E-07,5.35641E-06,
Lneg_g05055,506.9460757,0.727372743,0.172141863,17.62416155,2.69147E-05,0.000371297,
Lneg_g11541,57.72016328,0.727280932,0.251274112,8.214463418,0.00415578,0.020373131,
Lneg_g10284,119.8595068,0.726773233,0.292569845,6.275098497,0.012244631,0.04783172,
Lneg_g00662,2353.779107,0.725207573,0.253394743,8.372249591,0.003809937,0.019038903,
Lneg_g08325,177.6923597,0.724426376,0.182507667,15.92154593,6.60228E-05,0.000756976,
Lneg_g05440,375.4681565,0.722243325,0.192401448,14.26086602,0.000159139,0.001518849,
Lneg_g00838,903.7728155,0.721642295,0.152488427,22.39498723,2.21953E-06,4.7695E-05,
Lneg_g01729,4799.801331,0.721498684,0.1771573,16.73460182,4.29897E-05,0.000535174,
Lneg_g14457,229.0127885,0.720921672,0.221547192,10.53174329,0.001173415,0.00748414,
Lneg_g02494,2880.56911,0.719446472,0.213262023,11.19360155,0.000820799,0.005642792,
Lneg_g06344,210.5386682,0.717401312,0.27079789,6.880957637,0.008711887,0.036508598,
Lneg_g10379,1805.99057,0.716425247,0.186124933,14.87167961,0.000115078,0.001185928,
Lneg_g03988,4942.693488,0.714820216,0.103958402,47.62507017,5.16043E-12,9.1116E-10,
Lneg_g03840,508.5619191,0.713821859,0.169217819,17.93868923,2.28136E-05,0.000323544,
Lneg_g09239,484.8657317,0.710845047,0.226881932,9.891306655,0.001660614,0.00994491,
Lneg_g05640,648.8912256,0.708826438,0.169932085,16.9936111,3.75058E-05,0.000482969,
Lneg_g05186,643.0564203,0.708796625,0.170329041,17.54825833,2.80107E-05,0.000380931,
Lneg_g08333,18.0814314,0.708694184,0.286718333,6.249273388,0.012424426,0.048308891,
Lneg_g07711,2592.221541,0.708686537,0.199598727,12.68187807,0.000369217,0.00297904,
Lneg_g09191,596.2618377,0.707619994,0.283283524,6.297753815,0.012089106,0.047363901,
Lneg_g06958,214.0336626,0.707476837,0.197402006,12.47889136,0.000411576,0.003246642,
Lneg_g01645,116.184582,0.704644447,0.238545223,8.217100609,0.004149745,0.020371825,
Lneg_g05348,3807.351639,0.704391261,0.164154288,18.85327502,1.41169E-05,0.00022255,
Lneg_g14951,850.3339192,0.702942252,0.171458689,17.15041113,3.45335E-05,0.000452222,
Lneg_g10781,316.4017439,0.698951333,0.136247715,26.29796875,2.92596E-07,9.33664E-06,
Lneg_g01378,148.5774169,0.696606314,0.225126047,9.60802689,0.001937287,0.011166277,
Lneg_g12344,3450.545382,0.694388817,0.175079139,15.84983009,6.85727E-05,0.000781139,
Lneg_g09057,44.83755289,0.693369482,0.26543363,6.579867398,0.010313858,0.041593075,
Lneg_g02687,582.4194424,0.692501072,0.16846522,17.04476228,3.65089E-05,0.000472254,
Lneg_g03591,663.2078853,0.692268685,0.249537289,7.769128793,0.005314668,0.024803343,
Lneg_g08644,3741.446735,0.69178251,0.23153275,8.690403138,0.003198899,0.016499091,
Lneg_g01734,470.2209495,0.689642668,0.150136783,21.32377732,3.8789E-06,7.51245E-05,
Lneg_g14465,200.8129804,0.68825148,0.196947087,12.21086963,0.000475119,0.003626375,
Lneg_g00218,1341.429872,0.687774931,0.208456707,10.97078197,0.000925597,0.006178812,
Lneg_g12903,10587.10289,0.686898687,0.18808292,13.50162984,0.000238356,0.002130926,
Lneg_g12761,996.0282212,0.685689957,0.140398376,24.20418297,8.66439E-07,2.21182E-05,
Lneg_g04395,4434.377271,0.68396447,0.189531562,13.10786066,0.000294059,0.002518403,
Lneg_g07332,1309.340642,0.68016527,0.141541041,23.4405757,1.28832E-06,3.05335E-05,
Lneg_g02302,1672.708062,0.679516106,0.142514543,22.95441161,1.65889E-06,3.72719E-05,
Lneg_g05741,3322.021535,0.675013146,0.214401113,9.564395688,0.001983875,0.011360633,
Lneg_g06016,529.7329191,0.672396385,0.134895855,24.98999105,5.76287E-07,1.60749E-05,
Lneg_g10945,1414.543872,0.672373149,0.182301714,13.65850161,0.000219246,0.001990314,
Lneg_g07905,72.74135275,0.672240475,0.221333945,9.165678862,0.002465961,0.013424664,
Lneg_g07832,555.1109782,0.669494108,0.127389272,28.21828903,1.08376E-07,4.30012E-06,
Lneg_g07361,70.29976427,0.669140722,0.24690074,7.118694363,0.007628424,0.033026369,
Lneg_g01276,520.2803183,0.668394114,0.180090267,14.16666964,0.000167308,0.001586009,
Lneg_g04278,1233.165771,0.667885953,0.226186046,8.576199941,0.003405854,0.017363629,
Lneg_g00178,51.3145594,0.667521079,0.161707093,16.92403319,3.89059E-05,0.000495991,
Lneg_g11650,106.4911927,0.666971181,0.216596077,9.305972127,0.002284081,0.012715477,
Lneg_g08031,367.9495473,0.665432513,0.186853154,12.4589221,0.000416,0.003276657,
Lneg_g10536,456.0843914,0.663584889,0.239167418,7.469140466,0.006276551,0.028175331,
Lneg_g15763,766.6222237,0.66333307,0.201416045,10.92767653,0.000947382,0.00630834,
Lneg_g06028,1083.223608,0.663143786,0.20294994,10.91839476,0.000952141,0.006320162,
Lneg_g04152,112.2730704,0.66308124,0.256322582,6.504533631,0.010759978,0.043113165,
Lneg_g03196,378.6046367,0.662513713,0.26281746,6.372396806,0.011590894,0.045801541,
Lneg_g02017,2212.925591,0.662445986,0.111577844,35.64677942,2.36539E-09,1.83502E-07,
Lneg_g07438,4572.360094,0.658200165,0.250226122,6.90175849,0.008611101,0.036172087,
Lneg_g09432,553.2408291,0.658042116,0.240448122,7.235655616,0.007146971,0.031287193,
Lneg_g08228,3519.59239,0.656804632,0.153010701,18.6961913,1.53288E-05,0.000236726,
Lneg_g05005,810.8417476,0.656714362,0.202801905,10.64783432,0.001101999,0.00707979,
Lneg_g10166,1329.355323,0.655493939,0.18042843,13.2622962,0.000270798,0.002349575,
Lneg_g15364,88.10489525,0.654186928,0.2250539,8.568685622,0.00341994,0.017416884,
Lneg_g00652,1020.857679,0.654095888,0.248060857,6.96659714,0.008304527,0.035121023,
Lneg_g12022,208.1952588,0.653520643,0.241064739,7.042393967,0.007960256,0.03407677,
Lneg_g12571,2577.105553,0.652031009,0.181878665,12.88234205,0.000331697,0.002743167,
Lneg_g07389,6648.089632,0.651651595,0.21401968,9.433940624,0.002130061,0.012005933,
Lneg_g10552,1033.726029,0.650921032,0.20108302,10.75000882,0.001042788,0.00678581,
Lneg_g03665,668.0013126,0.6505789,0.185109275,11.98257786,0.000537002,0.004009164,
Lneg_g08886,820.3408416,0.650260328,0.181328775,13.09141252,0.000296653,0.002530384,
Lneg_g04318,656.9405564,0.645572941,0.212705223,9.315468332,0.002272273,0.012663051,
Lneg_g13076,160.0465888,0.64368984,0.222387593,8.414793209,0.003721801,0.018703772,
Lneg_g09571,3354.609179,0.638981964,0.138812357,21.22609299,4.0817E-06,7.81944E-05,
Lneg_g02835,71.41104827,0.638413812,0.254610877,6.423471506,0.01126218,0.044753013,
Lneg_g09799,351.7805918,0.636047294,0.247016936,6.659706248,0.009861717,0.040213638,
Lneg_g09061,639.2125112,0.635853113,0.195175119,10.60165921,0.001129862,0.007232484,
Lneg_g02749,2352.517093,0.635168677,0.167481213,14.72131043,0.00012463,0.001257454,
Lneg_g04441,1150.612903,0.634727624,0.106328544,35.65476219,2.35571E-09,1.83502E-07,
Lneg_g16202,443.3124653,0.632942862,0.154851155,16.63073607,4.54092E-05,0.000560029,
Lneg_g09251,30538.51787,0.631982714,0.177513027,12.59815196,0.000386128,0.003080304,
Lneg_g10535,106.142035,0.629198914,0.202130642,9.214054242,0.002401642,0.013169255,
Lneg_g02632,1595.072736,0.626118035,0.131116086,23.23921507,1.4305E-06,3.33072E-05,
Lneg_g00152,253.5102627,0.624301053,0.240681287,6.867710752,0.008776701,0.036649732,
Lneg_g02800,1255.477868,0.622181794,0.219794661,8.100044446,0.004426417,0.021412541,
Lneg_g03494,147.3832619,0.621469758,0.210453459,8.247904787,0.004079907,0.020131593,
Lneg_g06511,1181.179356,0.621159672,0.097946411,40.47439751,1.99209E-10,2.2215E-08,
Lneg_g00223,852.3971235,0.620268235,0.156161935,15.84390305,6.87878E-05,0.000781908,
Lneg_g14652,802.4667706,0.620205848,0.218136108,8.084639265,0.004464202,0.021527369,
Lneg_g15037,1311.794721,0.619909157,0.104707119,35.07733408,3.16868E-09,2.22311E-07,
Lneg_g08759,353.9955965,0.619502078,0.220949311,8.039991543,0.004575575,0.022007535,
Lneg_g06811,808.7920062,0.619237454,0.111255239,30.75172906,2.93242E-08,1.44494E-06,
Lneg_g13002,359.4487427,0.619197441,0.162006049,14.55849367,0.000135875,0.001340277,
Lneg_g03251,463.0151744,0.619056962,0.208406665,9.093266606,0.002565522,0.013881075,
Lneg_g13033,1119.825037,0.6187548,0.133228904,21.54627165,3.45394E-06,6.90396E-05,
Lneg_g01817,116.8187448,0.618536507,0.214782056,8.296653244,0.003971821,0.019717651,
Lneg_g06834,12657.20558,0.617507727,0.198054204,9.294111883,0.002298916,0.012754293,
Lneg_g00663,6551.108916,0.616004249,0.180626316,11.27281289,0.000786505,0.005460677,
Lneg_g04719,156.2931364,0.615205332,0.178452402,11.87593793,0.000568638,0.004198017,
Lneg_g15551,448.9965466,0.615076385,0.248269893,6.204605786,0.012741832,0.049319317,
Lneg_g09491,297.8441249,0.614444166,0.133091325,21.05169933,4.47056E-06,8.45735E-05,
Lneg_g08251,1271.938153,0.613629318,0.201873472,9.339534301,0.002242625,0.012550645,
Lneg_g07873,2156.173022,0.613288037,0.186889511,10.74033934,0.001048251,0.006812989,
Lneg_g15347,1602.803567,0.613213373,0.178681406,12.03893758,0.000521007,0.003911817,
Lneg_g13090,293.8011517,0.613045405,0.185409011,10.664609,0.001092049,0.007043476,
Lneg_g08335,333.1704502,0.613033874,0.141679346,18.71816553,1.51532E-05,0.000234961,
Lneg_g16440,322.784074,0.61257368,0.149979051,16.94675269,3.8443E-05,0.000491866,
Lneg_g11359,65.78373442,0.612006653,0.230450973,7.178238629,0.007379312,0.032142162,
Lneg_g11083,235.691939,0.611395695,0.16265366,14.41945315,0.000146283,0.001420464,
Lneg_g15517,478.1353937,0.611394307,0.167132711,13.52357302,0.000235585,0.002118669,
Lneg_g11467,1993.244865,0.611354244,0.190574701,10.29640794,0.001332894,0.008335703,
Lneg_g09777,470.3243208,0.609821034,0.105141846,33.55175522,6.93927E-09,4.22498E-07,
Lneg_g16928,510.1048881,0.609684047,0.19643216,9.529497393,0.002021955,0.011522641,
Lneg_g14478,435.0981162,0.608400942,0.139689534,18.77607753,1.46999E-05,0.000229692,
Lneg_g00381,492.711257,0.606712417,0.149304446,16.62317837,4.55905E-05,0.000560958,
Lneg_g05816,1187.93724,0.606331694,0.097429036,39.23620232,3.75513E-10,3.90018E-08,
Lneg_g07226,207.4204029,0.604354327,0.214720864,7.95236531,0.004802457,0.022876452,
Lneg_g08461,9309.824394,0.603743634,0.197474472,9.17242582,0.002456887,0.013395914,
Lneg_g15369,8369.4839,0.602629838,0.160829075,14.01295285,0.000181556,0.001686586,
Lneg_g05048,53.08738536,0.602556466,0.215001222,7.919827596,0.004889593,0.023145822,
Lneg_g05975,655.1272435,0.602206588,0.206118297,8.44255592,0.003665407,0.018464728,
Lneg_g03892,109.2883568,0.600590522,0.192599914,9.634332998,0.001909735,0.011073065,
Lneg_g13327,186.2144401,0.60012956,0.146875824,16.9929084,3.75197E-05,0.000482969,
Lneg_g06198,391.5625963,0.597782798,0.168971899,12.2252498,0.000471471,0.003608932,
Lneg_g02795,3125.016754,0.595721518,0.232424455,6.438985342,0.01116424,0.044453219,
Lneg_g13966,1531.042241,0.595111623,0.152894281,15.23402127,9.49769E-05,0.00100518,
Lneg_g01516,119.547622,0.593768729,0.190827246,9.835413792,0.001711838,0.010159781,
Lneg_g14180,101.6415809,0.592127872,0.238539169,6.287451919,0.012159574,0.047552058,
Lneg_g04036,7714.735556,0.591782567,0.1977205,8.86418757,0.002908197,0.015229577,
Lneg_g05160,1107.3771,0.591020479,0.214646348,7.656826055,0.005655792,0.025983286,
Lneg_g05924,967.9062903,0.590493901,0.192281902,9.404471833,0.002164569,0.012171677,
Lneg_g12796,449.8730534,0.590225541,0.20132251,8.687236903,0.00320446,0.016519735,
Lneg_g03381,829.5387439,0.587522652,0.189303867,9.739094465,0.001803897,0.010605155,
Lneg_g13552,691.565811,0.587302321,0.175057263,11.16084744,0.000835418,0.005728423,
Lneg_g03561,1835.843842,0.586768543,0.153770712,14.86361681,0.000115571,0.001187633,
Lneg_g07344,3214.587539,0.58656006,0.146926184,16.21495309,5.6546E-05,0.000669328,
Lneg_g07215,756.8571795,0.584443806,0.178110617,10.79687577,0.001016715,0.006648817,
Lneg_g03546,4687.591897,0.582850304,0.150444874,14.57030757,0.000135025,0.001336879,
Lneg_g05051,2196.224625,0.5810716,0.136941709,18.29033178,1.89667E-05,0.000280242,
Lneg_g14226,228.0359415,0.580543456,0.173497274,11.10052964,0.000863031,0.005862024,
Lneg_g03432,1778.69674,0.57846138,0.164803742,12.25265943,0.000464596,0.003570809,
Lneg_g06641,118.3059821,0.577042047,0.181643381,10.38332253,0.001271587,0.00800903,
Lneg_g08879,14924.46178,0.576701689,0.216196258,6.978408628,0.008249894,0.034959749,
Lneg_g09789,445.1353954,0.573205853,0.105973838,29.11171853,6.83225E-08,2.90686E-06,
Lneg_g05441,50.68697679,0.572702727,0.225483545,6.488468516,0.010857648,0.04343499,
Lneg_g13861,159.812962,0.572122495,0.187009652,9.500124459,0.00205458,0.011682712,
Lneg_g03114,2869.462122,0.571209671,0.180175151,9.91533398,0.001639074,0.009843983,
Lneg_g02255,2610.528824,0.570132542,0.128325894,19.91357297,8.10231E-06,0.000139344,
Lneg_g15873,622.8180282,0.569497898,0.115146923,24.2968929,8.25721E-07,2.13358E-05,
Lneg_g02468,12552.39887,0.568676714,0.192265759,8.609941794,0.00334333,0.017110742,
Lneg_g01707,826.9326133,0.568263144,0.163439973,12.02359108,0.000525314,0.003935768,
Lneg_g00031,147.8171813,0.568089698,0.217704547,6.595932059,0.010221203,0.041321164,
Lneg_g16036,3607.014569,0.566522725,0.113676935,25.2297206,5.08919E-07,1.46111E-05,
Lneg_g16225,571.12158,0.566436427,0.116448306,23.74000978,1.10266E-06,2.71665E-05,
Lneg_g14024,1119.881946,0.565951642,0.147794059,14.71134799,0.00012529,0.0012589,
Lneg_g01978,7129.003409,0.565493727,0.122270226,21.45533125,3.62168E-06,7.13161E-05,
Lneg_g09249,599.9581499,0.564729747,0.21466052,7.049457491,0.007928926,0.033993947,
Lneg_g04267,237.9204251,0.563252118,0.183652981,9.260984033,0.002340872,0.012909526,
Lneg_g07385,2358.191394,0.562990864,0.131293933,18.29729987,1.88975E-05,0.000280242,
Lneg_g16064,859.8484202,0.561083405,0.182407465,9.514674202,0.002038353,0.011597374,
Lneg_g14443,318.3277422,0.560535667,0.124310465,20.69369337,5.38932E-06,9.94677E-05,
Lneg_g00434,4736.635266,0.560060264,0.194257317,8.03949348,0.004576833,0.022007535,
Lneg_g02278,2555.927366,0.559649293,0.20790618,7.35481156,0.006688352,0.029647029,
Lneg_g01930,538.114708,0.559231939,0.126229852,19.6511673,9.29465E-06,0.00015605,
Lneg_g14503,219.9840964,0.556955643,0.1842048,8.884836917,0.002875487,0.01510308,
Lneg_g06510,1508.214617,0.55694898,0.103488138,29.164891,6.64729E-08,2.83957E-06,
Lneg_g09350,168.8923883,0.556494702,0.200758874,7.717662699,0.005468315,0.025330706,
Lneg_g11315,824.8843844,0.556259095,0.087657628,40.67097754,1.80143E-10,2.07438E-08,
Lneg_g11754,110.6217473,0.555936745,0.138096115,16.20033116,5.69842E-05,0.000672261,
Lneg_g06305,6368.964308,0.555819794,0.163846355,10.88984749,0.000966928,0.006378353,
Lneg_g07684,98.61892515,0.555754879,0.170234722,10.92444101,0.000949038,0.006311433,
Lneg_g04430,1621.603029,0.552893556,0.11396705,23.53319793,1.22777E-06,2.94276E-05,
Lneg_g13220,580.0092275,0.552784946,0.171938205,10.27122037,0.001351214,0.008425404,
Lneg_g09062,1139.916363,0.552484014,0.156892805,12.45286274,0.000417352,0.003282423,
Lneg_g05270,431.2677446,0.552219942,0.129555788,18.15003166,2.04166E-05,0.000296699,
Lneg_g08238,3879.012905,0.551862652,0.17743002,9.547478976,0.002002242,0.01144725,
Lneg_g11658,341.905457,0.551325247,0.215558995,6.592859467,0.010238858,0.04133783,
Lneg_g12202,1675.025704,0.548667448,0.17231191,10.3151968,0.001319392,0.008275691,
Lneg_g09166,781.8373624,0.547236861,0.19250684,8.175076375,0.004246988,0.020751228,
Lneg_g01888,1712.13899,0.545237992,0.147832124,13.6483474,0.000220435,0.001995975,
Lneg_g00472,603.7415336,0.544916882,0.122788549,19.83203621,8.45536E-06,0.000144013,
Lneg_g00854,133.2716863,0.542969914,0.199130126,7.501724321,0.006163995,0.027775994,
Lneg_g05390,117.089674,0.542907109,0.205504828,6.850587825,0.008861211,0.036929848,
Lneg_g15020,101.6421053,0.54247706,0.182922146,8.397176587,0.003758043,0.018832877,
Lneg_g13215,433.4992232,0.541996991,0.155949144,11.8288544,0.000583199,0.004269804,
Lneg_g00831,285.3282671,0.540995009,0.170422029,10.08088823,0.001498151,0.009163632,
Lneg_g07411,605.0587594,0.540422029,0.133004556,16.67777696,4.42969E-05,0.000547586,
Lneg_g13751,510.1265618,0.540001012,0.211902841,6.311544019,0.011995433,0.047103537,
Lneg_g02050,224.6369459,0.539877434,0.151784393,12.74640548,0.000356694,0.002902362,
Lneg_g02987,1671.839555,0.536481459,0.150665912,12.51739086,0.000403182,0.003187541,
Lneg_g15358,353.519921,0.535816135,0.148029795,13.35834403,0.000257275,0.002252542,
Lneg_g15456,418.6048636,0.535077154,0.159666703,11.31650237,0.000768213,0.005371912,
Lneg_g02538,2661.837727,0.534921898,0.126496527,17.73129316,2.54407E-05,0.000355566,
Lneg_g14916,2865.042015,0.53357468,0.185950802,8.300512722,0.003963389,0.019685017,
Lneg_g11690,277.8683763,0.533023426,0.189421193,8.086361754,0.004459961,0.021527369,
Lneg_g09129,332.9216916,0.532857346,0.13590443,15.64307309,7.64922E-05,0.000854809,
Lneg_g05351,1303.577522,0.532835537,0.157157664,11.46137278,0.000710578,0.005035359,
Lneg_g02700,236.3011015,0.531859013,0.19453472,7.518305377,0.006107511,0.027580124,
Lneg_g07418,1127.627468,0.531621377,0.162677667,10.85211666,0.000986829,0.006491565,
Lneg_g06860,1187.755831,0.531234517,0.093040564,32.63700451,1.1108E-08,6.39553E-07,
Lneg_g07372,1307.175912,0.53114024,0.125698284,18.08402788,2.11367E-05,0.000305071,
Lneg_g03672,799.9247478,0.530753675,0.162860907,10.66191588,0.001093641,0.007047462,
Lneg_g03492,2424.532239,0.52926235,0.117191906,20.18517914,7.02955E-06,0.000124118,
Lneg_g11970,504.8087315,0.528942568,0.119555863,19.41484668,1.05186E-05,0.000174388,
Lneg_g08786,4227.281254,0.52810986,0.188180261,7.924828501,0.004876097,0.02310258,
Lneg_g01109,124.889283,0.528083711,0.13040131,15.76662891,7.16553E-05,0.000808346,
Lneg_g07198,916.3003583,0.525607587,0.132822408,15.83448441,6.9131E-05,0.000784967,
Lneg_g12584,692.1045386,0.525204457,0.161680725,10.65888748,0.001095433,0.007050433,
Lneg_g03433,796.0150179,0.525199489,0.198352948,6.979727013,0.008243818,0.034947984,
Lneg_g16701,203.0196208,0.523958857,0.121821349,18.62220168,1.59354E-05,0.00024381,
Lneg_g10050,1168.155435,0.523420884,0.156667529,11.26299444,0.000790676,0.005476578,
Lneg_g08756,4021.400441,0.522137036,0.110259881,22.55699914,2.04E-06,4.44612E-05,
Lneg_g09851,304.4781737,0.519893447,0.2031199,6.598152519,0.010208464,0.041293802,
Lneg_g16914,2509.195688,0.516729636,0.147375333,12.42983959,0.000422528,0.003308704,
Lneg_g12762,698.7926156,0.516413512,0.115236569,20.18911116,7.01511E-06,0.00012407,
Lneg_g16120,675.2757963,0.515630974,0.164154797,9.741104854,0.001801926,0.010604705,
Lneg_g15768,148.902624,0.515259141,0.147813172,12.10281847,0.000503457,0.003809728,
Lneg_g03779,437.6277633,0.514572501,0.17346884,8.815046048,0.002987567,0.015598956,
Lneg_g10078,193.2276538,0.514406776,0.10780442,23.07331139,1.5594E-06,3.56041E-05,
Lneg_g01302,177.0707344,0.514230418,0.168654025,9.230510361,0.002380153,0.013092077,
Lneg_g07898,176.6672572,0.513373243,0.133680011,14.9760633,0.000108884,0.001128682,
Lneg_g13581,322.7808628,0.511438222,0.189184699,7.329006843,0.006785053,0.030037107,
Lneg_g13121,332.6663055,0.510745598,0.172502622,8.74104745,0.003111257,0.016133462,
Lneg_g02130,1436.481799,0.510615753,0.113851009,20.36157156,6.41043E-06,0.000115709,
Lneg_g08210,174.110442,0.509806103,0.188518495,7.324255238,0.006803015,0.030079775,
Lneg_g11333,178.2708058,0.509520166,0.195708615,6.634719734,0.010000993,0.040640782,
Lneg_g16002,890.8401288,0.509228278,0.130001258,15.49349418,8.27897E-05,0.000903269,
Lneg_g02630,1146.55765,0.508575327,0.133296238,14.7101878,0.000125367,0.0012589,
Lneg_g15954,20673.98847,0.506389184,0.15144971,11.35265341,0.000753403,0.005289295,
Lneg_g01955,3658.870837,0.504547599,0.117203093,18.60879228,1.60479E-05,0.000244973,
Lneg_g06762,3088.448247,0.504232019,0.084339375,36.08094983,1.89288E-09,1.53078E-07,
Lneg_g05550,266.8238843,0.503695033,0.177531343,8.282494068,0.004002911,0.019834817,
Lneg_g10967,271.3970656,0.502196846,0.186618258,6.99509095,0.008173356,0.034690917,
Lneg_g06929,2203.238641,0.501617051,0.115276509,19.08797371,1.24829E-05,0.000199844,
Lneg_g04982,20234.36531,0.50133476,0.100020835,25.28276553,4.95113E-07,1.42922E-05,
Lneg_g13159,181.3352861,0.501017967,0.166458728,9.039541486,0.002642019,0.014193483,
Lneg_g16001,2136.059063,0.500903234,0.180383121,7.598035522,0.005843193,0.026624856,
Lneg_g12172,3695.557079,0.499771177,0.127699969,15.451929,8.46305E-05,0.000916926,
Lneg_g07936,7253.019551,0.498926473,0.100456818,24.95709354,5.86205E-07,1.62572E-05,
Lneg_g02864,43.90594004,0.497678819,0.187439024,6.944743608,0.008406589,0.035460181,
Lneg_g04142,1454.339924,0.497367081,0.180855186,7.72038338,0.00546008,0.025303625,
Lneg_g03950,1384.897537,0.497362133,0.161570183,9.476713525,0.002080964,0.011789163,
Lneg_g15728,2997.111627,0.496261458,0.172266894,8.418217336,0.003714798,0.018678014,
Lneg_g10149,451.6158127,0.495932024,0.165355711,8.875663609,0.002889972,0.015149115,
Lneg_g04413,2101.731614,0.494578768,0.097390269,26.02953268,3.36234E-07,1.0385E-05,
Lneg_g03467,503.8879738,0.494409559,0.187977471,7.066206753,0.007855139,0.03374588,
Lneg_g08472,659.3944408,0.494233243,0.1410106,12.32932675,0.000445897,0.003453747,
Lneg_g02829,3688.578737,0.493696827,0.142568146,11.95454216,0.000545143,0.004061355,
Lneg_g14067,359.5594739,0.49347724,0.160197714,9.541761632,0.002008489,0.011464402,
Lneg_g06130,786.5243571,0.492793027,0.114010211,18.87991689,1.39211E-05,0.000220778,
Lneg_g16800,769.6796242,0.492401971,0.150022213,10.86216011,0.000981491,0.006466368,
Lneg_g08314,984.3529998,0.491918483,0.160216057,9.544720315,0.002005254,0.01145256,
Lneg_g01622,3110.468752,0.490988374,0.16076905,9.452084704,0.002109092,0.011929378,
Lneg_g11109,521.11556,0.490043344,0.146537022,11.27427716,0.000785884,0.005460677,
Lneg_g10168,263.3944192,0.489365387,0.171196791,8.219176817,0.004145,0.020367407,
Lneg_g07767,625.5099168,0.489323276,0.136462056,12.92439678,0.000324327,0.002694841,
Lneg_g16141,1292.379045,0.48929341,0.157432021,9.726432056,0.001816367,0.01065985,
Lneg_g00249,1467.315288,0.489209233,0.175479166,7.752100686,0.00536501,0.024954931,
Lneg_g16194,7488.864479,0.488805351,0.105386906,21.50858602,3.52248E-06,6.98823E-05,
Lneg_g02521,227.9632766,0.488658594,0.163513901,8.974734441,0.002737384,0.014565466,
Lneg_g07204,112.5217953,0.487897026,0.166050413,8.674595936,0.003226764,0.01661854,
Lneg_g04446,3170.747556,0.487484305,0.118513025,17.1213949,3.50651E-05,0.000457267,
Lneg_g04730,588.6169658,0.48629377,0.171768244,8.02570867,0.004611798,0.022137366,
Lneg_g02242,460.1378741,0.486030363,0.129773073,13.90181011,0.000192613,0.001782132,
Lneg_g03519,212.2618072,0.485426476,0.171250348,8.155794732,0.004292379,0.020901157,
Lneg_g01186,404.7841912,0.484471778,0.139813629,12.11215477,0.000500942,0.003796124,
Lneg_g00326,347.9559711,0.483375087,0.13659963,12.56989808,0.00039201,0.003117833,
Lneg_g16274,2670.240115,0.483340779,0.176549415,7.582821761,0.005892713,0.02679195,
Lneg_g08822,311.3570099,0.482749182,0.177720542,7.391443879,0.006553486,0.029171044,
Lneg_g13854,1116.760763,0.481876455,0.098332349,23.78272673,1.07846E-06,2.66944E-05,
Lneg_g00520,1336.244867,0.481771173,0.133305006,13.31729404,0.000262969,0.002289152,
Lneg_g14314,2188.989697,0.481446552,0.135460874,12.75295031,0.000355448,0.002898858,
Lneg_g11697,549.576277,0.481378801,0.181010555,6.840722912,0.008910277,0.037105141,
Lneg_g00550,2458.491362,0.48108353,0.136628965,12.29925576,0.000453139,0.003501498,
Lneg_g15172,365.2907254,0.480856273,0.11525199,17.60386649,2.72035E-05,0.000374277,
Lneg_g09188,362.7076816,0.480313635,0.137567165,12.12550116,0.00049737,0.003774451,
Lneg_g10500,2898.894313,0.479858118,0.179712789,7.081713945,0.007787449,0.033577629,
Lneg_g13585,922.0210513,0.479681659,0.119774375,16.24716491,5.55927E-05,0.000660257,
Lneg_g00014,580.9271433,0.479333784,0.103303247,21.71003571,3.17128E-06,6.46087E-05,
Lneg_g05760,1573.428034,0.478100186,0.160658185,8.949580309,0.002775333,0.014715657,
Lneg_g05379,2164.630321,0.477710254,0.162110446,8.771364263,0.003059965,0.015906412,
Lneg_g03224,234.1745169,0.477645845,0.144724346,10.90023621,0.00096152,0.006352871,
Lneg_g03806,654.2831655,0.476421394,0.094549119,25.64310599,4.1076E-07,1.21553E-05,
Lneg_g06781,483.2009608,0.47625034,0.148114633,10.12824739,0.001460142,0.008983009,
Lneg_g03491,2271.061015,0.475504456,0.158499823,9.009259291,0.002686153,0.014348335,
Lneg_g11925,473.2310259,0.475393266,0.155227675,9.588512781,0.001957985,0.01126107,
Lneg_g06995,479.1307547,0.474099093,0.150967846,9.913960679,0.001640297,0.009845502,
Lneg_g08067,4587.294837,0.473693847,0.124722964,14.46202553,0.000143014,0.001400267,
Lneg_g15419,1786.333183,0.473405993,0.106126475,20.33333431,6.50573E-06,0.000117126,
Lneg_g14468,468.4567013,0.472407085,0.144104729,10.60298494,0.001129052,0.007231669,
Lneg_g09620,602.8841493,0.472242571,0.184916848,6.593948605,0.010232597,0.041328299,
Lneg_g05976,2017.484113,0.472134974,0.119624685,15.56803511,7.95888E-05,0.000877382,
Lneg_g04227,331.972214,0.471897948,0.137020424,11.80829669,0.000589674,0.004308277,
Lneg_g11302,5889.488146,0.471896475,0.142426381,11.06523384,0.000879615,0.005943011,
Lneg_g05292,1771.223553,0.471335691,0.088156683,28.94443618,7.44844E-08,3.10665E-06,
Lneg_g12717,973.3430483,0.471181764,0.167151476,8.024619924,0.004614571,0.022137366,
Lneg_g12398,2448.36657,0.470168177,0.11314133,17.17688772,3.40555E-05,0.000448161,
Lneg_g07907,694.0538819,0.468830261,0.150818933,9.70864986,0.001834027,0.010740565,
Lneg_g00201,493.9233257,0.468747475,0.122917678,14.75145906,0.000122653,0.001245811,
Lneg_g07191,464.7053549,0.468290446,0.146850429,9.915290382,0.001639113,0.009843983,
Lneg_g10495,698.1020719,0.467851313,0.110035371,18.13633066,2.0564E-05,0.000298024,
Lneg_g02610,1539.268518,0.467017655,0.137627105,11.5928091,0.000662073,0.004733497,
Lneg_g00367,13620.92026,0.466906516,0.162506452,8.402536335,0.003746979,0.018795213,
Lneg_g11369,336.54815,0.46670196,0.160553901,8.502018081,0.003547528,0.017930588,
Lneg_g11070,1673.06148,0.466440152,0.186908049,6.224228425,0.012601381,0.048900743,
Lneg_g15767,1086.584896,0.465039161,0.086194955,29.60437141,5.29853E-08,2.39536E-06,
Lneg_g09869,1844.638976,0.463681933,0.121017407,14.89872574,0.00011344,0.001172467,
Lneg_g07085,1004.106201,0.463635582,0.080176948,33.8867208,5.84161E-09,3.68369E-07,
Lneg_g05685,305.1937013,0.460065562,0.165624822,7.765374568,0.005325725,0.024822144,
Lneg_g02016,955.7312483,0.459049108,0.117485481,15.22597009,9.53827E-05,0.001008467,
Lneg_g08960,670.6845148,0.45797168,0.120944822,14.46979508,0.000142425,0.001395793,
Lneg_g05862,660.9299637,0.45732181,0.146994698,9.721201656,0.001821544,0.010679267,
Lneg_g04424,2212.976852,0.457132766,0.084142254,29.71306185,5.00961E-08,2.29748E-06,
Lneg_g03431,1026.96286,0.456686492,0.097136584,22.32895603,2.29717E-06,4.89661E-05,
Lneg_g12171,1679.807938,0.456475398,0.145054449,10.03499464,0.00153594,0.009346208,
Lneg_g03446,543.5530273,0.456105166,0.12936485,12.52388024,0.000401784,0.003183617,
Lneg_g06605,3041.570807,0.454596845,0.147536478,9.629270438,0.001915007,0.011086109,
Lneg_g04778,1625.660238,0.454381972,0.171901644,7.017706638,0.008070754,0.034407068,
Lneg_g13516,562.9746307,0.45414628,0.151802037,8.932688145,0.002801118,0.014807905,
Lneg_g14808,1349.754199,0.452618756,0.097543157,21.53473561,3.47477E-06,6.93253E-05,
Lneg_g02137,1753.156682,0.45159605,0.097343134,21.49705991,3.54372E-06,7.01722E-05,
Lneg_g15825,181.0943019,0.451320365,0.156283979,8.321771336,0.00391727,0.019501673,
Lneg_g17012,286.6029968,0.451210488,0.163498754,7.562115531,0.005960798,0.027032831,
Lneg_g11466,1450.70786,0.451158191,0.086500757,27.52310473,1.55229E-07,5.67068E-06,
Lneg_g06442,366.0089765,0.450406762,0.181155596,6.227216098,0.012580136,0.04883619,
Lneg_g12707,2297.332615,0.450094294,0.134834929,11.18610316,0.000824122,0.005661967,
Lneg_g00527,642.8818057,0.449574211,0.130243548,11.84707202,0.000577521,0.00424584,
Lneg_g10885,295.0358807,0.449240058,0.17031692,7.077965726,0.007803755,0.033634249,
Lneg_g11220,256.1242871,0.447906975,0.148440703,9.226252672,0.002385694,0.013115747,
Lneg_g07182,272.5402526,0.447713273,0.127389161,12.45547467,0.000416768,0.003280271,
Lneg_g02721,579.3016894,0.446662269,0.127855237,12.26705254,0.000461026,0.003546919,
Lneg_g16794,805.443025,0.446615287,0.155724347,8.211410895,0.004162777,0.020397993,
Lneg_g14866,777.3062571,0.446363407,0.171106093,6.816762672,0.009030612,0.037547216,
Lneg_g05094,399.114969,0.445723797,0.167571747,7.091873183,0.007743427,0.033428633,
Lneg_g13092,451.5795653,0.444884122,0.11257247,15.47736853,8.3499E-05,0.000908387,
Lneg_g09090,5225.035258,0.444877009,0.123859825,13.03220462,0.00030618,0.002588723,
Lneg_g09178,735.2264609,0.444814386,0.1398514,10.17191217,0.001425963,0.008798284,
Lneg_g00753,382.4989155,0.442898843,0.111358903,16.08124986,6.06819E-05,0.000706706,
Lneg_g14929,428.6446507,0.442896279,0.166504308,7.038882981,0.007975876,0.034112406,
Lneg_g06319,340.2096881,0.441015686,0.159072379,7.74178871,0.005395733,0.025059129,
Lneg_g16901,1472.891684,0.439072892,0.091430492,23.1600694,1.49061E-06,3.43293E-05,
Lneg_g12220,1242.563611,0.438405732,0.144294011,9.042506098,0.002637738,0.014177675,
Lneg_g10229,364.1256998,0.4367473,0.135762761,10.36598773,0.001283582,0.008079779,
Lneg_g05424,1619.032998,0.435923906,0.173026296,6.391189647,0.011468814,0.045386857,
Lneg_g09545,1362.318989,0.435561356,0.143706018,9.158483152,0.002475677,0.013463717,
Lneg_g15064,947.7294825,0.435559658,0.101263564,18.80788549,1.44568E-05,0.000226561,
Lneg_g07237,203.2687258,0.435261476,0.168276091,6.779104669,0.009223114,0.038152937,
Lneg_g05568,1405.874428,0.434671732,0.162834135,7.029950554,0.008015757,0.034227701,
Lneg_g15836,2008.565863,0.43395023,0.108575082,16.09031202,6.03922E-05,0.00070462,
Lneg_g12641,2184.537328,0.433932414,0.172854212,6.289387158,0.012146304,0.047517706,
Lneg_g10910,1563.736432,0.433757989,0.125613921,12.23055745,0.000470132,0.003601282,
Lneg_g04756,2319.672729,0.433746493,0.144072642,9.1699556,0.002460205,0.013400214,
Lneg_g01615,415.3857539,0.433146398,0.144436632,9.02337548,0.002665487,0.01426678,
Lneg_g02277,614.6394276,0.432366582,0.147448758,8.630185324,0.003306379,0.016954396,
Lneg_g03043,666.5791304,0.431281868,0.172511498,6.205713375,0.012733862,0.049306482,
Lneg_g09732,305.6526928,0.430428283,0.124693717,11.89803389,0.000561932,0.004160105,
Lneg_g08700,3215.393495,0.430378077,0.112058436,14.71295192,0.000125183,0.0012589,
Lneg_g16852,1466.569704,0.429954616,0.108177658,15.88991262,6.71356E-05,0.000767243,
Lneg_g12044,652.0420101,0.429494471,0.136808422,10.05143784,0.001522291,0.009291684,
Lneg_g11468,751.5232636,0.428439444,0.136259302,10.04953677,0.001523863,0.00929407,
Lneg_g05162,2446.791833,0.42830585,0.144077284,8.897179491,0.002856115,0.015046087,
Lneg_g16509,424.7806986,0.42788085,0.141132111,9.265184257,0.00233551,0.012886662,
Lneg_g15340,2277.204548,0.426488197,0.105394983,16.46758023,4.94891E-05,0.000599998,
Lneg_g08319,1637.875045,0.424951747,0.119180225,12.89154347,0.00033007,0.002733982,
Lneg_g04733,382.7920677,0.424441581,0.154503685,7.326209658,0.006795621,0.030059629,
Lneg_g03373,403.7147756,0.424011659,0.119369668,12.55498521,0.000395151,0.003137003,
Lneg_g14989,354.7313851,0.422248968,0.147567378,8.311571664,0.003939329,0.019574695,
Lneg_g03243,3041.415836,0.422201376,0.128390833,11.09734187,0.000864515,0.005865841,
Lneg_g08873,284.956789,0.421708941,0.111163993,14.39712628,0.000148028,0.001433564,
Lneg_g15966,765.2794057,0.420922845,0.130092748,10.58731531,0.001138662,0.007284412,
Lneg_g10222,724.6018605,0.418111935,0.140832239,8.943798522,0.002784132,0.014754922,
Lneg_g13546,501.1336606,0.417957954,0.121577758,11.62957561,0.000649114,0.004662176,
Lneg_g03839,792.976456,0.417584951,0.164792716,6.417502946,0.011300094,0.044886838,
Lneg_g13487,1990.58755,0.417489642,0.122575332,11.7866664,0.000596565,0.004346634,
Lneg_g09706,5047.397007,0.417464095,0.161165057,6.56443926,0.010403651,0.041891403,
Lneg_g08953,367.0222438,0.416906957,0.132164434,9.934684274,0.001621933,0.009779598,
Lneg_g16891,55.03189657,0.415741191,0.156278333,7.140869927,0.00753466,0.032660469,
Lneg_g08614,502.7592881,0.415712926,0.140941932,8.781412347,0.003043155,0.015834569,
Lneg_g05807,293.6291807,0.413980523,0.111669134,13.47006554,0.0002424,0.002154349,
Lneg_g14339,2799.373898,0.411742178,0.104934044,15.60377005,7.80987E-05,0.000867272,
Lneg_g09721,2264.82684,0.410919174,0.120117926,11.79791396,0.000592971,0.004326403,
Lneg_g05786,1445.537498,0.410849192,0.146039444,7.948445359,0.00481287,0.022905457,
Lneg_g03802,324.2332323,0.410164007,0.159533166,6.672150475,0.009793095,0.039964581,
Lneg_g00246,1498.13752,0.40995995,0.119050839,11.85344044,0.000575549,0.004240172,
Lneg_g00501,110.3072989,0.409369618,0.139547099,8.766539117,0.003068071,0.015932912,
Lneg_g03309,727.6234862,0.408605473,0.118296802,12.01610935,0.000527427,0.003948806,
Lneg_g04432,1979.472701,0.408190164,0.101030632,16.46501311,4.95562E-05,0.000599998,
Lneg_g09786,3120.009211,0.408000651,0.150970409,7.384529502,0.006578728,0.029259044,
Lneg_g07057,625.5426121,0.407217397,0.148403538,7.560227651,0.005967045,0.027038891,
Lneg_g09113,1378.649263,0.406262202,0.141940617,8.250066753,0.00407505,0.020117,
Lneg_g11797,242.5369219,0.405347673,0.155906502,6.548688284,0.010496151,0.042183697,
Lneg_g06181,916.6501536,0.40521121,0.151742302,7.159053868,0.007458653,0.032419832,
Lneg_g00828,5747.603835,0.404674297,0.154509189,6.876515518,0.008733567,0.036541301,
Lneg_g11842,278.7844771,0.404090284,0.102054893,15.60166108,7.81859E-05,0.000867331,
Lneg_g05412,1198.736374,0.403715599,0.123166787,10.85173767,0.000987031,0.006491565,
Lneg_g16326,419.0452149,0.403576806,0.103169042,15.30691406,9.13814E-05,0.000973939,
Lneg_g03901,436.4162675,0.402587577,0.149847032,7.202480491,0.007280288,0.031805103,
Lneg_g09646,486.7116768,0.401604379,0.110382409,13.03538806,0.00030566,0.00258639,
Lneg_g08697,788.0599547,0.401091417,0.101626413,15.92496164,6.59038E-05,0.00075643,
Lneg_g11618,2282.273409,0.400480577,0.105888209,14.41208946,0.000146856,0.001424723,
Lneg_g10848,606.7195663,0.399950873,0.109701107,13.4125441,0.000249947,0.002205514,
Lneg_g05806,963.2811482,0.399318503,0.110808781,13.25710584,0.000271549,0.002354162,
Lneg_g02751,1521.68544,0.397373543,0.159536263,6.268588248,0.012289702,0.047943974,
Lneg_g06846,2967.054703,0.397171356,0.146581961,7.303723546,0.006881186,0.030376129,
Lneg_g13954,2426.04637,0.396938519,0.131519215,9.135933692,0.002506375,0.01359577,
Lneg_g15568,150.1568025,0.396694271,0.148063517,7.330538832,0.006779273,0.030024923,
Lneg_g11441,2153.182824,0.396391072,0.118523326,11.26238583,0.000790935,0.005476578,
Lneg_g06951,995.6604571,0.394835973,0.104142234,14.35973234,0.000150997,0.001458217,
Lneg_g03845,611.7579057,0.393831676,0.140861586,7.698695049,0.005526076,0.025520162,
Lneg_g13729,372.9639617,0.393748687,0.152796343,6.751096509,0.009369009,0.038617274,
Lneg_g01727,568.7721393,0.393421232,0.155760266,6.472039007,0.010958473,0.043759542,
Lneg_g04871,642.8099528,0.393221224,0.095003155,17.45571632,2.94079E-05,0.000395643,
Lneg_g05171,5399.060184,0.391773107,0.144748497,7.402958054,0.006511671,0.029058402,
Lneg_g01599,1373.49907,0.391428429,0.076226529,26.88563588,2.15857E-07,7.37675E-06,
Lneg_g03541,646.7971075,0.390524339,0.150813374,6.815909529,0.009034928,0.037550421,
Lneg_g14562,2937.821194,0.390315186,0.128306133,9.221253256,0.002392217,0.013144788,
Lneg_g11726,1168.667981,0.389786466,0.148163604,6.920950391,0.008519169,0.035857002,
Lneg_g02505,1527.147742,0.389323728,0.139356428,7.766215286,0.005323247,0.024821513,
Lneg_g01563,992.7293811,0.388736924,0.126569804,9.497199961,0.002057857,0.01168951,
Lneg_g00654,1092.804611,0.388061019,0.098652433,15.61513519,7.76307E-05,0.000863886,
Lneg_g16004,1252.28468,0.388022372,0.13917252,7.601671729,0.005831421,0.026582647,
Lneg_g09241,2240.632418,0.387028808,0.143308693,7.382253716,0.006587057,0.029283796,
Lneg_g11824,2691.936236,0.385726367,0.11439332,11.55165941,0.000676888,0.00482243,
Lneg_g06661,3201.49716,0.385191698,0.118298028,10.85150661,0.000987154,0.006491565,
Lneg_g16287,499.3169762,0.383053179,0.15386425,6.22131361,0.012622143,0.048963377,
Lneg_g04517,248.0015667,0.38272468,0.149240252,6.725841085,0.009502591,0.038944081,
Lneg_g15276,370.2915341,0.382520436,0.144097528,7.031228217,0.00801004,0.034217081,
Lneg_g00348,908.8712302,0.382275528,0.080091781,23.01837192,1.60461E-06,3.61685E-05,
Lneg_g05252,2859.294551,0.381983702,0.141421584,7.417276516,0.006460052,0.028876707,
Lneg_g14417,2871.358543,0.381482454,0.126788336,9.179103405,0.002447939,0.01336088,
Lneg_g16647,387.0368841,0.380580066,0.143688762,7.012977493,0.008092099,0.034428795,
Lneg_g06940,948.1881822,0.379502335,0.090128127,17.48315249,2.89865E-05,0.000391189,
Lneg_g14268,979.0306244,0.378817052,0.117412235,10.44155479,0.001232115,0.007792852,
Lneg_g12788,574.0551239,0.37716174,0.120608345,9.853354149,0.001695224,0.01008944,
Lneg_g02426,1200.939324,0.377113245,0.14751732,6.574225917,0.010346599,0.041693371,
Lneg_g03590,1131.269852,0.376455094,0.102262638,13.63893942,0.000221543,0.002004288,
Lneg_g05561,3721.466194,0.373951996,0.089153949,17.55838488,2.78619E-05,0.000379395,
Lneg_g01335,385.4843235,0.372587693,0.14443267,6.563188266,0.010410967,0.041904935,
Lneg_g02664,1612.809279,0.371883173,0.111931992,11.13477825,0.000847241,0.005790753,
Lneg_g15240,1520.140726,0.37039575,0.102753444,12.93727814,0.000322103,0.002684061,
Lneg_g12500,406.243802,0.36947608,0.138522117,7.113786731,0.007649336,0.033076877,
Lneg_g09059,1081.299349,0.369323057,0.142688185,6.806498406,0.00908267,0.037689701,
Lneg_g14758,2221.306885,0.368262763,0.117623093,9.841868215,0.001705842,0.01013555,
Lneg_g09564,1418.581029,0.368224384,0.117314107,9.658306098,0.001884973,0.010972203,
Lneg_g13234,1160.064582,0.367516441,0.132409892,7.668764266,0.005618492,0.025834335,
Lneg_g03074,435.4822093,0.367072419,0.12184046,9.09455602,0.002563714,0.01387838,
Lneg_g04042,3506.965679,0.367039647,0.104934495,12.39595708,0.000430264,0.003356569,
Lneg_g16450,2527.969979,0.366567631,0.106847681,11.7515361,0.00060793,0.004414267,
Lneg_g09211,524.409064,0.365460245,0.103205004,12.66689385,0.000372187,0.003000725,
Lneg_g07188,238.0627222,0.364598155,0.136950501,7.10054532,0.00770605,0.033294411,
Lneg_g12980,453.6663774,0.364596282,0.114863003,10.25101108,0.001366097,0.008503192,
Lneg_g12719,2309.086745,0.363008921,0.072979751,25.16414416,5.26521E-07,1.49543E-05,
Lneg_g16793,1059.471266,0.362941517,0.129259522,7.848098755,0.005087418,0.023900713,
Lneg_g01329,768.287908,0.361779367,0.126904219,8.169361171,0.004260391,0.020780818,
Lneg_g16640,1752.136694,0.361309072,0.10526029,11.92583588,0.000553608,0.004115734,
Lneg_g14147,2153.787093,0.360976662,0.06124626,35.08689453,3.15316E-09,2.22311E-07,
Lneg_g09808,1079.337835,0.360297042,0.096328684,14.1300798,0.000170594,0.001604419,
Lneg_g03421,2066.535562,0.360145343,0.132262161,7.168523409,0.007419382,0.032279644,
Lneg_g06836,259.6864151,0.359802549,0.105306253,11.86349388,0.00057245,0.004223217,
Lneg_g05224,1621.249029,0.359671428,0.11947567,9.176200625,0.002451825,0.013375196,
Lneg_g11402,475.5954938,0.359545519,0.118835335,9.199788391,0.002420431,0.013258556,
Lneg_g01205,593.8152925,0.359250916,0.137575823,6.842874995,0.00889955,0.037075041,
Lneg_g01428,935.7527644,0.358848882,0.121851905,8.693115898,0.003194141,0.016482577,
Lneg_g05978,3122.798189,0.358545135,0.128465562,7.83369146,0.005128126,0.024059951,
Lneg_g13399,1029.749307,0.357874631,0.111338372,10.34124952,0.001300899,0.008174215,
Lneg_g05350,1090.735587,0.356477584,0.097496989,13.41870719,0.000249127,0.002203051,
Lneg_g03228,1755.895876,0.354990536,0.136307996,6.87352011,0.008748217,0.036574036,
Lneg_g07494,457.006136,0.354980303,0.132698075,7.184178432,0.007354922,0.032051849,
Lneg_g11795,1388.371125,0.353593925,0.105118943,11.29756971,0.000776086,0.005412104,
Lneg_g05783,714.9031842,0.353190132,0.104965225,11.4111458,0.000730048,0.00515265,
Lneg_g01465,622.5836016,0.352829043,0.117783899,9.129031032,0.002515849,0.013633201,
Lneg_g11317,2376.899329,0.35235853,0.122353361,8.311628677,0.003939205,0.019574695,
Lneg_g10173,712.1650747,0.352245026,0.092356172,14.70005972,0.000126042,0.001264483,
Lneg_g05617,1037.838647,0.351928203,0.100967133,12.33786214,0.000443863,0.003444898,
Lneg_g08328,470.9512746,0.35138489,0.129406717,7.380540706,0.006593334,0.029299406,
Lneg_g11581,1041.935154,0.351194797,0.117263553,8.827137253,0.002967836,0.015518882,
Lneg_g06756,1342.811074,0.345949532,0.129972588,7.006655237,0.008120726,0.034509357,
Lneg_g08721,568.7650843,0.343090376,0.137253115,6.207205424,0.012723133,0.049282951,
Lneg_g04326,660.0030787,0.34216654,0.136786639,6.252808418,0.012399656,0.048241629,
Lneg_g10838,625.6359415,0.34190725,0.101433905,11.29654441,0.000776515,0.005412104,
Lneg_g10138,279.3965097,0.340589059,0.12092268,7.995091349,0.004690433,0.022462313,
Lneg_g16872,381.1141071,0.340562773,0.095757252,12.57118828,0.000391739,0.003117833,
Lneg_g11177,1274.99321,0.340529152,0.135747407,6.328616801,0.011880494,0.046736708,
Lneg_g12106,705.9128453,0.339777731,0.120499179,7.967086092,0.004763556,0.022721798,
Lneg_g08686,783.9114144,0.338219217,0.089636518,14.14834283,0.000168946,0.001595198,
Lneg_g05185,374.738461,0.337555302,0.110414275,9.441322123,0.002121505,0.011973305,
Lneg_g00815,1316.271282,0.337444964,0.130650517,6.781551154,0.009210481,0.038127646,
Lneg_g13107,413.4003153,0.336995411,0.106831961,9.998944972,0.001566299,0.009479077,
Lneg_g07066,2876.282948,0.33639759,0.135720214,6.201926128,0.012761137,0.049374384,
Lneg_g12756,1572.951286,0.336125734,0.098247188,11.73439034,0.000613557,0.004445979,
Lneg_g16191,829.865879,0.335995289,0.080015566,17.68739509,2.60346E-05,0.000361009,
Lneg_g12190,1725.870505,0.334904983,0.128495311,6.854484438,0.008841907,0.036878409,
Lneg_g04305,518.5291852,0.333868013,0.111856712,8.999696641,0.002700244,0.014404022,
Lneg_g00952,801.8140327,0.333554361,0.087019946,14.74017287,0.000123389,0.001250893,
Lneg_g12253,379.5385243,0.332335826,0.086348174,14.76385306,0.000121849,0.00124214,
Lneg_g15210,3495.275978,0.331948014,0.092895511,12.95957286,0.00031829,0.002669804,
Lneg_g06393,826.4189185,0.33179064,0.106661768,9.740192734,0.00180282,0.010604705,
Lneg_g14837,280.5131189,0.330621618,0.106368508,9.584066472,0.001962732,0.011275415,
Lneg_g03459,2493.791051,0.330081369,0.098514546,11.25372895,0.000794632,0.005491411,
Lneg_g13753,1190.879426,0.329892481,0.105244864,9.923902332,0.001631461,0.009825867,
Lneg_g03513,374.2214061,0.32892737,0.128178561,6.67683563,0.009767387,0.039875028,
Lneg_g07728,862.1203387,0.328915391,0.125393698,6.877869868,0.008726951,0.036528376,
Lneg_g01380,588.1184998,0.328850494,0.09252493,12.60243866,0.000385244,0.003075563,
Lneg_g13285,1044.800016,0.328557593,0.114576296,8.275478377,0.004018407,0.019892994,
Lneg_g09838,1491.24677,0.327834911,0.131879759,6.267952589,0.012294112,0.047943974,
Lneg_g04221,813.5733999,0.327594368,0.11882977,7.700258657,0.005521291,0.025520162,
Lneg_g12141,263.8256646,0.326589166,0.106505808,9.44518236,0.002117044,0.011959873,
Lneg_g03164,691.1158528,0.326217661,0.122994596,7.193831166,0.007315462,0.031932431,
Lneg_g06796,783.8880106,0.325811796,0.092478294,12.59669162,0.00038643,0.003080392,
Lneg_g03249,382.1223092,0.32534838,0.111684169,8.484339585,0.003582166,0.018088401,
Lneg_g09234,828.8780647,0.324511831,0.120915928,7.232339407,0.007160184,0.031332091,
Lneg_g12503,1020.781611,0.324474718,0.103981127,9.883930746,0.001667284,0.009967949,
Lneg_g02320,376.1814944,0.324209438,0.102972,10.04626465,0.001526572,0.009305236,
Lneg_g07401,465.5499461,0.323628494,0.095605197,11.40664684,0.000731818,0.005161704,
Lneg_g02747,2112.619515,0.323455137,0.105979284,9.399377904,0.002170591,0.012199066,
Lneg_g04688,255.6813979,0.32299549,0.124532926,6.62094524,0.010078633,0.040893542,
Lneg_g02871,3784.143224,0.32253441,0.115984749,7.728339095,0.005436073,0.025214431,
Lneg_g09329,1015.940545,0.321797404,0.070535677,20.92109147,4.78596E-06,8.96622E-05,
Lneg_g14429,429.1647615,0.321560352,0.110427868,8.322744449,0.003915172,0.019500392,
Lneg_g12595,2710.95257,0.321244939,0.107462153,9.008617356,0.002687096,0.014348335,
Lneg_g06841,3830.818,0.320263942,0.124129418,6.646316528,0.009936103,0.040470232,
Lneg_g02535,2684.916851,0.320253845,0.105664613,9.218274744,0.002396112,0.013151471,
Lneg_g16612,1987.613164,0.31894969,0.122616969,6.768343872,0.00927889,0.038299132,
Lneg_g16342,3477.748126,0.317055025,0.122613913,6.772730677,0.009256111,0.038229721,
Lneg_g13582,639.9659115,0.315593199,0.12174081,6.73591421,0.009449079,0.038819925,
Lneg_g02978,1669.741469,0.314393667,0.123423444,6.55077925,0.010483823,0.042150142,
Lneg_g12310,715.7512782,0.311234155,0.111472036,7.636470517,0.005719973,0.026244,
Lneg_g08165,985.0138394,0.310822889,0.103362963,9.090158754,0.002569886,0.013897585,
Lneg_g01698,491.8069734,0.31052202,0.089656321,12.24408562,0.000466735,0.003580444,
Lneg_g07125,623.2649871,0.309832664,0.099169091,9.583187443,0.001963672,0.011275415,
Lneg_g02018,1468.442774,0.309106657,0.113144022,7.50834604,0.006141374,0.027697623,
Lneg_g14419,1591.291294,0.30840549,0.116196887,7.192875613,0.007319359,0.031936281,
Lneg_g00013,335.3148444,0.305542137,0.091894265,11.04620213,0.000888691,0.00599668,
Lneg_g15956,522.9718395,0.305211728,0.107186456,8.110091588,0.00440195,0.021323393,
Lneg_g13640,674.2377217,0.304998462,0.114508751,7.013770158,0.008088517,0.034427382,
Lneg_g07797,1404.031586,0.304862072,0.071080227,18.29035103,1.89665E-05,0.000280242,
Lneg_g04991,442.7135451,0.303183774,0.111710555,7.403280946,0.006510503,0.029058402,
Lneg_g12747,1149.865091,0.302390361,0.094408506,10.26216202,0.001357865,0.008456918,
Lneg_g02910,464.6912784,0.300850916,0.096958324,9.615566595,0.001929349,0.01113264,
Lneg_g06196,1069.334382,0.29873352,0.110117587,7.301394591,0.006890111,0.030376129,
Lneg_g04064,347.7370779,0.298269663,0.107401058,7.55184408,0.005994869,0.027140875,
Lneg_g06438,732.7598847,0.296373517,0.119258977,6.263909969,0.012322196,0.047975502,
Lneg_g15253,2656.82395,0.295899414,0.112967255,6.875825849,0.008736938,0.036541301,
Lneg_g08699,829.9983701,0.295108296,0.084175345,12.25046501,0.000465142,0.003570809,
Lneg_g12996,987.477505,0.293683334,0.087487205,11.34371915,0.000757036,0.005307767,
Lneg_g14651,1487.187112,0.291974296,0.083457467,12.19497244,0.000479185,0.003649521,
Lneg_g15862,2324.924412,0.289547611,0.094864746,9.360275887,0.002217388,0.01242253,
Lneg_g10137,489.7130726,0.286560282,0.107349962,7.096861806,0.007721904,0.033349306,
Lneg_g13460,1555.046336,0.286552527,0.083756558,11.65076735,0.000641761,0.004617652,
Lneg_g00853,286.8422065,0.283707182,0.091273006,9.713191896,0.0018295,0.010719979,
Lneg_g05411,538.6499785,0.283182236,0.100009219,8.038503967,0.004579334,0.022007535,
Lneg_g03368,1317.783778,0.282849799,0.104821097,7.361605946,0.006663125,0.029547572,
Lneg_g16875,1055.730022,0.280908883,0.076723329,13.52590378,0.000235293,0.002117837,
Lneg_g16213,3344.289649,0.28088591,0.083589889,11.29153339,0.000778613,0.005423163,
Lneg_g04906,1298.295092,0.276402507,0.10124866,7.478404,0.00624434,0.028042618,
Lneg_g05405,853.0729485,0.275927228,0.087000633,10.09299795,0.001488338,0.009124682,
Lneg_g06258,1373.006483,0.273645831,0.086553286,10.1786019,0.001420799,0.008792022,
Lneg_g02694,413.113584,0.272306207,0.078242103,12.03742859,0.000521429,0.003912191,
Lneg_g02020,840.7906149,0.271188285,0.104556809,6.740754644,0.009423475,0.038754701,
Lneg_g00790,896.6687705,0.269769875,0.076078021,12.63670006,0.000378247,0.003042634,
Lneg_g12492,527.927289,0.268496893,0.099361936,7.244969214,0.007109993,0.03117685,
Lneg_g00814,2432.51746,0.267982501,0.102629661,6.861299041,0.008808249,0.036766978,
Lneg_g16799,622.8123351,0.266944713,0.10679191,6.296559642,0.012097253,0.047373231,
Lneg_g03227,2957.736753,0.266338154,0.086768813,9.483072015,0.002073764,0.011763747,
Lneg_g15075,608.0774253,0.265705064,0.09752103,7.48926793,0.006206778,0.027933139,
Lneg_g11519,4950.500223,0.26565074,0.092327278,8.252478355,0.00406964,0.020109033,
Lneg_g09424,1017.143315,0.26257504,0.09708705,7.298965628,0.006899432,0.030404568,
Lneg_g03072,1617.554558,0.26183048,0.09444856,7.688684463,0.005556812,0.025628587,
Lneg_g15304,2365.035673,0.261580073,0.07834555,11.31215891,0.000770012,0.005380941,
Lneg_g00953,1004.260615,0.254400911,0.083506334,9.258820991,0.002343638,0.012918057,
Lneg_g05406,1392.643261,0.252614535,0.08259837,9.404693362,0.002164307,0.012171677,
Lneg_g06768,492.0477558,0.242205585,0.07831956,9.55226099,0.001997033,0.011423631,
Lneg_g05729,1161.312505,0.232061245,0.088939325,6.735681842,0.00945031,0.038819925,
Lneg_g16732,337.2799967,0.231305526,0.091425695,6.404103655,0.011385689,0.045142213,
Lneg_g11704,400.2815314,0.2311145,0.089540421,6.666611465,0.009823579,0.040073544,
Lneg_g10432,1637.814387,0.229569216,0.09189593,6.267006669,0.012300678,0.047944583,
Lneg_g16613,592.2915794,0.227940858,0.080463888,7.96411459,0.004771383,0.022748887,
Lneg_g15453,1376.985568,0.221102718,0.077662854,8.146306775,0.004314895,0.020978429,
Lneg_g07253,2833.546927,0.215720626,0.078064989,7.627633179,0.005748069,0.026338684,
Lneg_g02665,832.1407898,0.205027604,0.07789476,6.900295111,0.008618152,0.036173021,
Lneg_g13943,1620.424696,0.202507709,0.067291236,9.063898365,0.002607056,0.014062702,
Lneg_g15777,774.6468771,0.198711286,0.075407879,7.005919375,0.008124064,0.034509357,
Lneg_g10211,1146.801691,0.190014639,0.076542426,6.178061462,0.012934391,0.049955136,
Lneg_g02104,2398.667187,0.181890943,0.070111134,6.744671636,0.009402808,0.038699825,
Lneg_g15298,3757.046135,0.166879961,0.067292422,6.208763304,0.012711941,0.049257608,
